Produto;Espécie;Região;Mercado;Semana;Data;Mínima;Máxima;Freq 
Alfarroba*Graínha*SP*I*Saco 50 kg*EUR/kg;Alfarroba; Algarve;Algarve;45;07-11-2022;16.0;17.0;16.0
Alfarroba*Inteira*SP*II*Saco 50 kg*EUR/kg;Alfarroba; Algarve;Algarve;45;07-11-2022;2.0;2.67;2.33
Alfarroba*Triturado Grosso*SP*II*Saco 50 kg*EUR/kg;Alfarroba; Algarve;Algarve;45;07-11-2022;0.21;0.25;0.24
Alfarroba*Graínha*SP*I*Saco 50 kg*EUR/kg;Alfarroba; Algarve;Algarve;11;10-03-2025;3.0;3.7;3.5
Alfarroba*Inteira*SP*II*Saco 50 kg*EUR/kg;Alfarroba; Algarve;Algarve;11;10-03-2025;0.53;0.56;0.54
Alfarroba*Triturado Grosso*SP*II*Saco 50 kg*EUR/kg;Alfarroba; Algarve;Algarve;11;10-03-2025;0.25;0.27;0.26
Alfarroba*Graínha*SP*I*Saco 50 kg*EUR/kg;Alfarroba; Algarve;Algarve;28;07-07-2025;3.0;3.5;3.2
Alfarroba*Inteira*SP*II*Saco 50 kg*EUR/kg;Alfarroba; Algarve;Algarve;28;07-07-2025;0.5;0.56;0.54
Alfarroba*Triturado Grosso*SP*II*Saco 50 kg*EUR/kg;Alfarroba; Algarve;Algarve;28;07-07-2025;0.25;0.27;0.26
Alfarroba*Graínha*SP*I*Saco 50 kg*EUR/kg;Alfarroba; Algarve;Algarve;46;14-11-2022;16.0;17.0;16.0
Alfarroba*Inteira*SP*II*Saco 50 kg*EUR/kg;Alfarroba; Algarve;Algarve;46;14-11-2022;2.0;2.67;2.33
Alfarroba*Triturado Grosso*SP*II*Saco 50 kg*EUR/kg;Alfarroba; Algarve;Algarve;46;14-11-2022;0.21;0.25;0.24
Alfarroba*Graínha*SP*I*Saco 50 kg*EUR/kg;Alfarroba; Algarve;Algarve;47;21-11-2022;16.0;17.0;16.0
Alfarroba*Inteira*SP*II*Saco 50 kg*EUR/kg;Alfarroba; Algarve;Algarve;47;21-11-2022;2.0;2.67;2.33
Alfarroba*Triturado Grosso*SP*II*Saco 50 kg*EUR/kg;Alfarroba; Algarve;Algarve;47;21-11-2022;0.21;0.25;0.24
Alfarroba*Graínha*SP*I*Saco 50 kg*EUR/kg;Alfarroba; Algarve;Algarve;48;28-11-2022;16.0;17.0;16.0
Alfarroba*Inteira*SP*II*Saco 50 kg*EUR/kg;Alfarroba; Algarve;Algarve;48;28-11-2022;2.0;2.67;2.33
Alfarroba*Triturado Grosso*SP*II*Saco 50 kg*EUR/kg;Alfarroba; Algarve;Algarve;48;28-11-2022;0.21;0.25;0.24
Alfarroba*Graínha*SP*I*Saco 50 kg*EUR/kg;Alfarroba; Algarve;Algarve;12;17-03-2025;3.0;3.7;3.5
Alfarroba*Inteira*SP*II*Saco 50 kg*EUR/kg;Alfarroba; Algarve;Algarve;12;17-03-2025;0.53;0.56;0.54
Alfarroba*Triturado Grosso*SP*II*Saco 50 kg*EUR/kg;Alfarroba; Algarve;Algarve;12;17-03-2025;0.25;0.27;0.26
Alfarroba*Graínha*SP*I*Saco 50 kg*EUR/kg;Alfarroba; Algarve;Algarve;49;05-12-2022;15.0;16.0;15.0
Alfarroba*Inteira*SP*II*Saco 50 kg*EUR/kg;Alfarroba; Algarve;Algarve;49;05-12-2022;1.87;2.53;2.2
Alfarroba*Triturado Grosso*SP*II*Saco 50 kg*EUR/kg;Alfarroba; Algarve;Algarve;49;05-12-2022;0.21;0.25;0.24
Alfarroba*Graínha*SP*I*Saco 50 kg*EUR/kg;Alfarroba; Algarve;Algarve;50;12-12-2022;15.0;16.0;15.0
Alfarroba*Inteira*SP*II*Saco 50 kg*EUR/kg;Alfarroba; Algarve;Algarve;50;12-12-2022;1.87;2.53;2.2
Alfarroba*Triturado Grosso*SP*II*Saco 50 kg*EUR/kg;Alfarroba; Algarve;Algarve;50;12-12-2022;0.21;0.25;0.24
Alfarroba*Graínha*SP*I*Saco 50 kg*EUR/kg;Alfarroba; Algarve;Algarve;13;24-03-2025;3.0;3.7;3.5
Alfarroba*Inteira*SP*II*Saco 50 kg*EUR/kg;Alfarroba; Algarve;Algarve;13;24-03-2025;0.53;0.56;0.54
Alfarroba*Triturado Grosso*SP*II*Saco 50 kg*EUR/kg;Alfarroba; Algarve;Algarve;13;24-03-2025;0.25;0.27;0.26
Alfarroba*Graínha*SP*I*Saco 50 kg*EUR/kg;Alfarroba; Algarve;Algarve;1;02-01-2023;15.0;16.0;15.0
Alfarroba*Graínha*SP*I*Saco 50 kg*EUR/kg;Alfarroba; Algarve;Algarve;51;19-12-2022;15.0;16.0;15.0
Alfarroba*Inteira*SP*II*Saco 50 kg*EUR/kg;Alfarroba; Algarve;Algarve;51;19-12-2022;1.73;2.2;1.86
Alfarroba*Triturado Grosso*SP*II*Saco 50 kg*EUR/kg;Alfarroba; Algarve;Algarve;51;19-12-2022;0.21;0.26;0.25
Alfarroba*Graínha*SP*I*Saco 50 kg*EUR/kg;Alfarroba; Algarve;Algarve;52;26-12-2022;15.0;16.0;15.0
Alfarroba*Inteira*SP*II*Saco 50 kg*EUR/kg;Alfarroba; Algarve;Algarve;52;26-12-2022;1.73;2.2;1.86
Alfarroba*Triturado Grosso*SP*II*Saco 50 kg*EUR/kg;Alfarroba; Algarve;Algarve;52;26-12-2022;0.21;0.26;0.25
Alfarroba*Graínha*SP*I*Saco 50 kg*EUR/kg;Alfarroba; Algarve;Algarve;14;31-03-2025;3.0;3.7;3.5
Alfarroba*Inteira*SP*II*Saco 50 kg*EUR/kg;Alfarroba; Algarve;Algarve;14;31-03-2025;0.53;0.56;0.54
Alfarroba*Triturado Grosso*SP*II*Saco 50 kg*EUR/kg;Alfarroba; Algarve;Algarve;14;31-03-2025;0.25;0.27;0.26
Alfarroba*Inteira*SP*II*Saco 50 kg*EUR/kg;Alfarroba; Algarve;Algarve;1;02-01-2023;1.33;1.8;1.47
Alfarroba*Triturado Grosso*SP*II*Saco 50 kg*EUR/kg;Alfarroba; Algarve;Algarve;1;02-01-2023;0.21;0.26;0.25
Alfarroba*Graínha*SP*I*Saco 50 kg*EUR/kg;Alfarroba; Algarve;Algarve;2;09-01-2023;15.0;16.0;15.0
Alfarroba*Inteira*SP*II*Saco 50 kg*EUR/kg;Alfarroba; Algarve;Algarve;2;09-01-2023;1.0;1.67;1.33
Alfarroba*Triturado Grosso*SP*II*Saco 50 kg*EUR/kg;Alfarroba; Algarve;Algarve;2;09-01-2023;0.21;0.26;0.25
Alfarroba*Graínha*SP*I*Saco 50 kg*EUR/kg;Alfarroba; Algarve;Algarve;15;07-04-2025;3.0;3.6;3.4
Alfarroba*Graínha*SP*I*Saco 50 kg*EUR/kg;Alfarroba; Algarve;Algarve;3;16-01-2023;15.0;16.0;15.0
Alfarroba*Inteira*SP*II*Saco 50 kg*EUR/kg;Alfarroba; Algarve;Algarve;3;16-01-2023;1.0;1.67;1.33
Alfarroba*Triturado Grosso*SP*II*Saco 50 kg*EUR/kg;Alfarroba; Algarve;Algarve;3;16-01-2023;0.22;0.28;0.26
Alfarroba*Graínha*SP*I*Saco 50 kg*EUR/kg;Alfarroba; Algarve;Algarve;4;23-01-2023;15.0;16.0;15.0
Alfarroba*Inteira*SP*II*Saco 50 kg*EUR/kg;Alfarroba; Algarve;Algarve;4;23-01-2023;1.0;1.67;1.33
Alfarroba*Triturado Grosso*SP*II*Saco 50 kg*EUR/kg;Alfarroba; Algarve;Algarve;4;23-01-2023;0.22;0.28;0.26
Alfarroba*Inteira*SP*II*Saco 50 kg*EUR/kg;Alfarroba; Algarve;Algarve;15;07-04-2025;0.53;0.56;0.54
Alfarroba*Triturado Grosso*SP*II*Saco 50 kg*EUR/kg;Alfarroba; Algarve;Algarve;15;07-04-2025;0.25;0.27;0.26
Alfarroba*Graínha*SP*I*Saco 50 kg*EUR/kg;Alfarroba; Algarve;Algarve;5;30-01-2023;15.0;16.0;15.0
Alfarroba*Inteira*SP*II*Saco 50 kg*EUR/kg;Alfarroba; Algarve;Algarve;5;30-01-2023;1.0;1.67;1.33
Alfarroba*Triturado Grosso*SP*II*Saco 50 kg*EUR/kg;Alfarroba; Algarve;Algarve;5;30-01-2023;0.22;0.28;0.26
Alfarroba*Graínha*SP*I*Saco 50 kg*EUR/kg;Alfarroba; Algarve;Algarve;6;06-02-2023;15.0;16.0;15.0
Alfarroba*Inteira*SP*II*Saco 50 kg*EUR/kg;Alfarroba; Algarve;Algarve;6;06-02-2023;1.0;1.67;1.33
Alfarroba*Triturado Grosso*SP*II*Saco 50 kg*EUR/kg;Alfarroba; Algarve;Algarve;6;06-02-2023;0.22;0.28;0.26
Alfarroba*Graínha*SP*I*Saco 50 kg*EUR/kg;Alfarroba; Algarve;Algarve;7;13-02-2023;15.0;16.0;15.0
Alfarroba*Graínha*SP*I*Saco 50 kg*EUR/kg;Alfarroba; Algarve;Algarve;16;14-04-2025;3.0;3.6;3.4
Alfarroba*Inteira*SP*II*Saco 50 kg*EUR/kg;Alfarroba; Algarve;Algarve;16;14-04-2025;0.53;0.56;0.54
Alfarroba*Triturado Grosso*SP*II*Saco 50 kg*EUR/kg;Alfarroba; Algarve;Algarve;16;14-04-2025;0.25;0.27;0.26
Alfarroba*Inteira*SP*II*Saco 50 kg*EUR/kg;Alfarroba; Algarve;Algarve;7;13-02-2023;1.0;1.67;1.33
Alfarroba*Triturado Grosso*SP*II*Saco 50 kg*EUR/kg;Alfarroba; Algarve;Algarve;7;13-02-2023;0.22;0.28;0.26
Alfarroba*Graínha*SP*I*Saco 50 kg*EUR/kg;Alfarroba; Algarve;Algarve;13;27-03-2023;15.0;16.0;15.0
Alfarroba*Graínha*SP*I*Saco 50 kg*EUR/kg;Alfarroba; Algarve;Algarve;8;20-02-2023;15.0;16.0;15.0
Alfarroba*Inteira*SP*II*Saco 50 kg*EUR/kg;Alfarroba; Algarve;Algarve;8;20-02-2023;1.0;1.67;1.33
Alfarroba*Triturado Grosso*SP*II*Saco 50 kg*EUR/kg;Alfarroba; Algarve;Algarve;8;20-02-2023;0.22;0.28;0.26
Alfarroba*Graínha*SP*I*Saco 50 kg*EUR/kg;Alfarroba; Algarve;Algarve;17;21-04-2025;3.0;3.6;3.4
Alfarroba*Inteira*SP*II*Saco 50 kg*EUR/kg;Alfarroba; Algarve;Algarve;17;21-04-2025;0.53;0.56;0.54
Alfarroba*Triturado Grosso*SP*II*Saco 50 kg*EUR/kg;Alfarroba; Algarve;Algarve;17;21-04-2025;0.25;0.27;0.26
Alfarroba*Graínha*SP*I*Saco 50 kg*EUR/kg;Alfarroba; Algarve;Algarve;9;27-02-2023;15.0;16.0;15.0
Alfarroba*Inteira*SP*II*Saco 50 kg*EUR/kg;Alfarroba; Algarve;Algarve;9;27-02-2023;1.0;1.67;1.33
Alfarroba*Triturado Grosso*SP*II*Saco 50 kg*EUR/kg;Alfarroba; Algarve;Algarve;9;27-02-2023;0.22;0.28;0.26
Alfarroba*Graínha*SP*I*Saco 50 kg*EUR/kg;Alfarroba; Algarve;Algarve;18;28-04-2025;3.0;3.6;3.4
Alfarroba*Inteira*SP*II*Saco 50 kg*EUR/kg;Alfarroba; Algarve;Algarve;18;28-04-2025;0.53;0.56;0.54
Alfarroba*Triturado Grosso*SP*II*Saco 50 kg*EUR/kg;Alfarroba; Algarve;Algarve;18;28-04-2025;0.25;0.27;0.26
Alfarroba*Graínha*SP*I*Saco 50 kg*EUR/kg;Alfarroba; Algarve;Algarve;10;06-03-2023;15.0;16.0;15.0
Alfarroba*Inteira*SP*II*Saco 50 kg*EUR/kg;Alfarroba; Algarve;Algarve;10;06-03-2023;1.0;1.67;1.33
Alfarroba*Triturado Grosso*SP*II*Saco 50 kg*EUR/kg;Alfarroba; Algarve;Algarve;10;06-03-2023;0.22;0.28;0.26
Alfarroba*Graínha*SP*I*Saco 50 kg*EUR/kg;Alfarroba; Algarve;Algarve;11;13-03-2023;15.0;16.0;15.0
Alfarroba*Inteira*SP*II*Saco 50 kg*EUR/kg;Alfarroba; Algarve;Algarve;11;13-03-2023;1.0;1.67;1.33
Alfarroba*Triturado Grosso*SP*II*Saco 50 kg*EUR/kg;Alfarroba; Algarve;Algarve;11;13-03-2023;0.22;0.28;0.26
Alfarroba*Inteira*SP*II*Saco 50 kg*EUR/kg;Alfarroba; Algarve;Algarve;13;27-03-2023;1.0;1.67;1.33
Alfarroba*Triturado Grosso*SP*II*Saco 50 kg*EUR/kg;Alfarroba; Algarve;Algarve;13;27-03-2023;0.22;0.28;0.26
Alfarroba*Graínha*SP*I*Saco 50 kg*EUR/kg;Alfarroba; Algarve;Algarve;14;03-04-2023;15.0;16.0;15.0
Alfarroba*Graínha*SP*I*Saco 50 kg*EUR/kg;Alfarroba; Algarve;Algarve;19;05-05-2025;3.0;3.6;3.4
Alfarroba*Inteira*SP*II*Saco 50 kg*EUR/kg;Alfarroba; Algarve;Algarve;19;05-05-2025;0.53;0.56;0.54
Alfarroba*Triturado Grosso*SP*II*Saco 50 kg*EUR/kg;Alfarroba; Algarve;Algarve;19;05-05-2025;0.25;0.27;0.26
Alfarroba*Inteira*SP*II*Saco 50 kg*EUR/kg;Alfarroba; Algarve;Algarve;14;03-04-2023;1.0;1.67;1.33
Alfarroba*Triturado Grosso*SP*II*Saco 50 kg*EUR/kg;Alfarroba; Algarve;Algarve;14;03-04-2023;0.22;0.28;0.26
Alfarroba*Graínha*SP*I*Saco 50 kg*EUR/kg;Alfarroba; Algarve;Algarve;15;10-04-2023;15.0;16.0;15.0
Alfarroba*Inteira*SP*II*Saco 50 kg*EUR/kg;Alfarroba; Algarve;Algarve;15;10-04-2023;1.0;1.67;1.33
Alfarroba*Triturado Grosso*SP*II*Saco 50 kg*EUR/kg;Alfarroba; Algarve;Algarve;15;10-04-2023;0.22;0.28;0.26
Alfarroba*Graínha*SP*I*Saco 50 kg*EUR/kg;Alfarroba; Algarve;Algarve;21;19-05-2025;3.0;3.6;3.4
Alfarroba*Graínha*SP*I*Saco 50 kg*EUR/kg;Alfarroba; Algarve;Algarve;16;17-04-2023;15.0;16.0;15.0
Alfarroba*Inteira*SP*II*Saco 50 kg*EUR/kg;Alfarroba; Algarve;Algarve;16;17-04-2023;1.0;1.67;1.33
Alfarroba*Triturado Grosso*SP*II*Saco 50 kg*EUR/kg;Alfarroba; Algarve;Algarve;16;17-04-2023;0.22;0.28;0.26
Alfarroba*Graínha*SP*I*Saco 50 kg*EUR/kg;Alfarroba; Algarve;Algarve;20;12-05-2025;3.0;3.6;3.4
Alfarroba*Inteira*SP*II*Saco 50 kg*EUR/kg;Alfarroba; Algarve;Algarve;20;12-05-2025;0.53;0.56;0.54
Alfarroba*Triturado Grosso*SP*II*Saco 50 kg*EUR/kg;Alfarroba; Algarve;Algarve;20;12-05-2025;0.25;0.27;0.26
Alfarroba*Graínha*SP*I*Saco 50 kg*EUR/kg;Alfarroba; Algarve;Algarve;29;14-07-2025;3.0;3.5;3.2
Alfarroba*Inteira*SP*II*Saco 50 kg*EUR/kg;Alfarroba; Algarve;Algarve;29;14-07-2025;0.5;0.56;0.54
Alfarroba*Triturado Grosso*SP*II*Saco 50 kg*EUR/kg;Alfarroba; Algarve;Algarve;29;14-07-2025;0.25;0.27;0.26
Alfarroba*Graínha*SP*I*Saco 50 kg*EUR/kg;Alfarroba; Algarve;Algarve;17;24-04-2023;5.0;7.0;6.0
Alfarroba*Inteira*SP*II*Saco 50 kg*EUR/kg;Alfarroba; Algarve;Algarve;17;24-04-2023;0.75;1.0;0.85
Alfarroba*Triturado Grosso*SP*II*Saco 50 kg*EUR/kg;Alfarroba; Algarve;Algarve;17;24-04-2023;0.26;0.3;0.28
Alfarroba*Graínha*SP*I*Saco 50 kg*EUR/kg;Alfarroba; Algarve;Algarve;12;20-03-2023;15.0;16.0;15.0
Alfarroba*Inteira*SP*II*Saco 50 kg*EUR/kg;Alfarroba; Algarve;Algarve;12;20-03-2023;1.0;1.67;1.33
Alfarroba*Triturado Grosso*SP*II*Saco 50 kg*EUR/kg;Alfarroba; Algarve;Algarve;12;20-03-2023;0.22;0.28;0.26
Alfarroba*Graínha*SP*I*Saco 50 kg*EUR/kg;Alfarroba; Algarve;Algarve;18;01-05-2023;5.0;7.0;6.0
Alfarroba*Inteira*SP*II*Saco 50 kg*EUR/kg;Alfarroba; Algarve;Algarve;18;01-05-2023;0.75;1.0;0.85
Alfarroba*Triturado Grosso*SP*II*Saco 50 kg*EUR/kg;Alfarroba; Algarve;Algarve;18;01-05-2023;0.26;0.3;0.28
Alfarroba*Inteira*SP*II*Saco 50 kg*EUR/kg;Alfarroba; Algarve;Algarve;21;19-05-2025;0.53;0.56;0.54
Alfarroba*Triturado Grosso*SP*II*Saco 50 kg*EUR/kg;Alfarroba; Algarve;Algarve;21;19-05-2025;0.25;0.27;0.26
Alfarroba*Graínha*SP*I*Saco 50 kg*EUR/kg;Alfarroba; Algarve;Algarve;19;08-05-2023;5.0;7.0;6.0
Alfarroba*Inteira*SP*II*Saco 50 kg*EUR/kg;Alfarroba; Algarve;Algarve;19;08-05-2023;0.75;1.0;0.85
Alfarroba*Triturado Grosso*SP*II*Saco 50 kg*EUR/kg;Alfarroba; Algarve;Algarve;19;08-05-2023;0.26;0.3;0.28
Alfarroba*Graínha*SP*I*Saco 50 kg*EUR/kg;Alfarroba; Algarve;Algarve;20;15-05-2023;5.0;7.0;6.0
Alfarroba*Inteira*SP*II*Saco 50 kg*EUR/kg;Alfarroba; Algarve;Algarve;20;15-05-2023;0.75;1.0;0.85
Alfarroba*Triturado Grosso*SP*II*Saco 50 kg*EUR/kg;Alfarroba; Algarve;Algarve;20;15-05-2023;0.26;0.3;0.28
Alfarroba*Graínha*SP*I*Saco 50 kg*EUR/kg;Alfarroba; Algarve;Algarve;21;22-05-2023;5.0;7.0;6.0
Alfarroba*Graínha*SP*I*Saco 50 kg*EUR/kg;Alfarroba; Algarve;Algarve;22;26-05-2025;3.0;3.6;3.4
Alfarroba*Inteira*SP*II*Saco 50 kg*EUR/kg;Alfarroba; Algarve;Algarve;21;22-05-2023;0.75;1.0;0.85
Alfarroba*Triturado Grosso*SP*II*Saco 50 kg*EUR/kg;Alfarroba; Algarve;Algarve;21;22-05-2023;0.26;0.3;0.28
Alfarroba*Graínha*SP*I*Saco 50 kg*EUR/kg;Alfarroba; Algarve;Algarve;22;29-05-2023;5.0;7.0;6.0
Alfarroba*Inteira*SP*II*Saco 50 kg*EUR/kg;Alfarroba; Algarve;Algarve;22;29-05-2023;0.75;1.0;0.85
Alfarroba*Triturado Grosso*SP*II*Saco 50 kg*EUR/kg;Alfarroba; Algarve;Algarve;22;29-05-2023;0.26;0.3;0.28
Alfarroba*Inteira*SP*II*Saco 50 kg*EUR/kg;Alfarroba; Algarve;Algarve;22;26-05-2025;0.53;0.56;0.54
Alfarroba*Triturado Grosso*SP*II*Saco 50 kg*EUR/kg;Alfarroba; Algarve;Algarve;22;26-05-2025;0.25;0.27;0.26
Alfarroba*Graínha*SP*I*Saco 50 kg*EUR/kg;Alfarroba; Algarve;Algarve;25;19-06-2023;5.0;7.0;6.0
Alfarroba*Graínha*SP*I*Saco 50 kg*EUR/kg;Alfarroba; Algarve;Algarve;23;05-06-2023;5.0;7.0;6.0
Alfarroba*Inteira*SP*II*Saco 50 kg*EUR/kg;Alfarroba; Algarve;Algarve;23;05-06-2023;0.75;1.0;0.85
Alfarroba*Triturado Grosso*SP*II*Saco 50 kg*EUR/kg;Alfarroba; Algarve;Algarve;23;05-06-2023;0.26;0.3;0.28
Alfarroba*Graínha*SP*I*Saco 50 kg*EUR/kg;Alfarroba; Algarve;Algarve;23;02-06-2025;3.0;3.6;3.4
Alfarroba*Inteira*SP*II*Saco 50 kg*EUR/kg;Alfarroba; Algarve;Algarve;23;02-06-2025;0.53;0.56;0.54
Alfarroba*Triturado Grosso*SP*II*Saco 50 kg*EUR/kg;Alfarroba; Algarve;Algarve;23;02-06-2025;0.25;0.27;0.26
Alfarroba*Graínha*SP*I*Saco 50 kg*EUR/kg;Alfarroba; Algarve;Algarve;24;12-06-2023;5.0;7.0;6.0
Alfarroba*Inteira*SP*II*Saco 50 kg*EUR/kg;Alfarroba; Algarve;Algarve;24;12-06-2023;0.75;1.0;0.85
Alfarroba*Triturado Grosso*SP*II*Saco 50 kg*EUR/kg;Alfarroba; Algarve;Algarve;24;12-06-2023;0.26;0.3;0.28
Alfarroba*Inteira*SP*II*Saco 50 kg*EUR/kg;Alfarroba; Algarve;Algarve;25;19-06-2023;0.73;1.0;0.8
Alfarroba*Triturado Grosso*SP*II*Saco 50 kg*EUR/kg;Alfarroba; Algarve;Algarve;25;19-06-2023;0.26;0.33;0.28
Alfarroba*Graínha*SP*I*Saco 50 kg*EUR/kg;Alfarroba; Algarve;Algarve;24;09-06-2025;3.0;3.5;3.2
Alfarroba*Graínha*SP*I*Saco 50 kg*EUR/kg;Alfarroba; Algarve;Algarve;26;26-06-2023;5.0;7.0;6.0
Alfarroba*Inteira*SP*II*Saco 50 kg*EUR/kg;Alfarroba; Algarve;Algarve;26;26-06-2023;0.73;1.0;0.8
Alfarroba*Triturado Grosso*SP*II*Saco 50 kg*EUR/kg;Alfarroba; Algarve;Algarve;26;26-06-2023;0.26;0.33;0.28
Alfarroba*Inteira*SP*II*Saco 50 kg*EUR/kg;Alfarroba; Algarve;Algarve;24;09-06-2025;0.53;0.56;0.54
Alfarroba*Triturado Grosso*SP*II*Saco 50 kg*EUR/kg;Alfarroba; Algarve;Algarve;24;09-06-2025;0.25;0.27;0.26
Alfarroba*Graínha*SP*I*Saco 50 kg*EUR/kg;Alfarroba; Algarve;Algarve;27;03-07-2023;5.0;7.0;6.0
Alfarroba*Inteira*SP*II*Saco 50 kg*EUR/kg;Alfarroba; Algarve;Algarve;27;03-07-2023;0.73;1.0;0.8
Alfarroba*Triturado Grosso*SP*II*Saco 50 kg*EUR/kg;Alfarroba; Algarve;Algarve;27;03-07-2023;0.26;0.33;0.28
Alfarroba*Graínha*SP*I*Saco 50 kg*EUR/kg;Alfarroba; Algarve;Algarve;25;16-06-2025;3.0;3.5;3.2
Alfarroba*Graínha*SP*I*Saco 50 kg*EUR/kg;Alfarroba; Algarve;Algarve;28;10-07-2023;5.0;7.0;6.0
Alfarroba*Inteira*SP*II*Saco 50 kg*EUR/kg;Alfarroba; Algarve;Algarve;28;10-07-2023;0.73;1.0;0.8
Alfarroba*Triturado Grosso*SP*II*Saco 50 kg*EUR/kg;Alfarroba; Algarve;Algarve;28;10-07-2023;0.26;0.33;0.28
Alfarroba*Inteira*SP*II*Saco 50 kg*EUR/kg;Alfarroba; Algarve;Algarve;25;16-06-2025;0.53;0.56;0.54
Alfarroba*Triturado Grosso*SP*II*Saco 50 kg*EUR/kg;Alfarroba; Algarve;Algarve;25;16-06-2025;0.25;0.27;0.26
Alfarroba*Graínha*SP*I*Saco 50 kg*EUR/kg;Alfarroba; Algarve;Algarve;36;01-09-2025;2.7;3.2;2.8
Alfarroba*Graínha*SP*I*Saco 50 kg*EUR/kg;Alfarroba; Algarve;Algarve;29;17-07-2023;5.0;7.0;6.0
Alfarroba*Inteira*SP*II*Saco 50 kg*EUR/kg;Alfarroba; Algarve;Algarve;29;17-07-2023;0.73;1.0;0.8
Alfarroba*Triturado Grosso*SP*II*Saco 50 kg*EUR/kg;Alfarroba; Algarve;Algarve;29;17-07-2023;0.26;0.33;0.28
Alfarroba*Graínha*SP*I*Saco 50 kg*EUR/kg;Alfarroba; Algarve;Algarve;26;23-06-2025;3.0;3.5;3.2
Alfarroba*Inteira*SP*II*Saco 50 kg*EUR/kg;Alfarroba; Algarve;Algarve;26;23-06-2025;0.53;0.56;0.54
Alfarroba*Triturado Grosso*SP*II*Saco 50 kg*EUR/kg;Alfarroba; Algarve;Algarve;26;23-06-2025;0.25;0.27;0.26
Alfarroba*Inteira*SP*II*Saco 50 kg*EUR/kg;Alfarroba; Algarve;Algarve;33;14-08-2023;0.53;0.8;0.6
Alfarroba*Triturado Grosso*SP*II*Saco 50 kg*EUR/kg;Alfarroba; Algarve;Algarve;33;14-08-2023;0.28;0.33;0.3
Alfarroba*Inteira*SP*II*Saco 50 kg*EUR/kg;Alfarroba; Algarve;Algarve;34;21-08-2023;0.53;0.8;0.6
Alfarroba*Triturado Grosso*SP*II*Saco 50 kg*EUR/kg;Alfarroba; Algarve;Algarve;34;21-08-2023;0.28;0.33;0.3
Alfarroba*Inteira*SP*II*Saco 50 kg*EUR/kg;Alfarroba; Algarve;Algarve;36;04-09-2023;0.53;0.8;0.6
Alfarroba*Triturado Grosso*SP*II*Saco 50 kg*EUR/kg;Alfarroba; Algarve;Algarve;36;04-09-2023;0.28;0.33;0.3
Alfarroba*Graínha*SP*I*Saco 50 kg*EUR/kg;Alfarroba; Algarve;Algarve;32;04-08-2025;2.7;3.3;3.0
Alfarroba*Inteira*SP*II*Saco 50 kg*EUR/kg;Alfarroba; Algarve;Algarve;32;04-08-2025;0.4;0.5;0.45
Alfarroba*Triturado Grosso*SP*II*Saco 50 kg*EUR/kg;Alfarroba; Algarve;Algarve;32;04-08-2025;0.25;0.27;0.26
Alfarroba*Graínha*SP*I*Saco 50 kg*EUR/kg;Alfarroba; Algarve;Algarve;33;11-08-2025;2.7;3.3;3.0
Alfarroba*Inteira*SP*II*Saco 50 kg*EUR/kg;Alfarroba; Algarve;Algarve;33;11-08-2025;0.4;0.5;0.45
Alfarroba*Triturado Grosso*SP*II*Saco 50 kg*EUR/kg;Alfarroba; Algarve;Algarve;33;11-08-2025;0.25;0.27;0.26
Alfarroba*Inteira*SP*II*Saco 50 kg*EUR/kg;Alfarroba; Algarve;Algarve;39;25-09-2023;0.53;0.8;0.6
Alfarroba*Triturado Grosso*SP*II*Saco 50 kg*EUR/kg;Alfarroba; Algarve;Algarve;39;25-09-2023;0.28;0.33;0.3
Alfarroba*Graínha*SP*I*Saco 50 kg*EUR/kg;Alfarroba; Algarve;Algarve;34;18-08-2025;2.7;3.3;3.0
Alfarroba*Inteira*SP*II*Saco 50 kg*EUR/kg;Alfarroba; Algarve;Algarve;34;18-08-2025;0.4;0.5;0.45
Alfarroba*Triturado Grosso*SP*II*Saco 50 kg*EUR/kg;Alfarroba; Algarve;Algarve;34;18-08-2025;0.25;0.27;0.26
Alfarroba*Graínha*SP*I*Saco 50 kg*EUR/kg;Alfarroba; Algarve;Algarve;41;09-10-2023;3.0;3.0;3.0
Alfarroba*Inteira*SP*II*Saco 50 kg*EUR/kg;Alfarroba; Algarve;Algarve;41;09-10-2023;0.6;0.8;0.7
Alfarroba*Triturado Grosso*SP*II*Saco 50 kg*EUR/kg;Alfarroba; Algarve;Algarve;41;09-10-2023;0.24;0.32;0.28
Alfarroba*Graínha*SP*I*Saco 50 kg*EUR/kg;Alfarroba; Algarve;Algarve;35;25-08-2025;2.7;3.2;2.8
Alfarroba*Inteira*SP*II*Saco 50 kg*EUR/kg;Alfarroba; Algarve;Algarve;35;25-08-2025;0.37;0.47;0.4
Alfarroba*Triturado Grosso*SP*II*Saco 50 kg*EUR/kg;Alfarroba; Algarve;Algarve;35;25-08-2025;0.25;0.28;0.26
Alfarroba*Graínha*SP*I*Saco 50 kg*EUR/kg;Alfarroba; Algarve;Algarve;7;09-02-2026;2.5;3.0;2.6
Alfarroba*Inteira*SP*II*Saco 50 kg*EUR/kg;Alfarroba; Algarve;Algarve;7;09-02-2026;0.37;0.42;0.4
Alfarroba*Triturado Grosso*SP*II*Saco 50 kg*EUR/kg;Alfarroba; Algarve;Algarve;7;09-02-2026;0.25;0.28;0.26
Alfarroba*Graínha*SP*I*Saco 50 kg*EUR/kg;Alfarroba; Algarve;Algarve;42;16-10-2023;3.0;3.0;3.0
Alfarroba*Inteira*SP*II*Saco 50 kg*EUR/kg;Alfarroba; Algarve;Algarve;42;16-10-2023;0.6;0.8;0.7
Alfarroba*Triturado Grosso*SP*II*Saco 50 kg*EUR/kg;Alfarroba; Algarve;Algarve;42;16-10-2023;0.24;0.32;0.28
Alfarroba*Graínha*SP*I*Saco 50 kg*EUR/kg;Alfarroba; Algarve;Algarve;30;24-07-2023;5.0;7.0;6.0
Alfarroba*Inteira*SP*II*Saco 50 kg*EUR/kg;Alfarroba; Algarve;Algarve;30;24-07-2023;0.73;1.0;0.8
Alfarroba*Triturado Grosso*SP*II*Saco 50 kg*EUR/kg;Alfarroba; Algarve;Algarve;30;24-07-2023;0.26;0.33;0.28
Alfarroba*Inteira*SP*II*Saco 50 kg*EUR/kg;Alfarroba; Algarve;Algarve;31;31-07-2023;0.6;0.87;0.67
Alfarroba*Triturado Grosso*SP*II*Saco 50 kg*EUR/kg;Alfarroba; Algarve;Algarve;31;31-07-2023;0.28;0.32;0.3
Alfarroba*Inteira*SP*II*Saco 50 kg*EUR/kg;Alfarroba; Algarve;Algarve;32;07-08-2023;0.6;0.87;0.67
Alfarroba*Triturado Grosso*SP*II*Saco 50 kg*EUR/kg;Alfarroba; Algarve;Algarve;32;07-08-2023;0.28;0.32;0.3
Alfarroba*Graínha*SP*I*Saco 50 kg*EUR/kg;Alfarroba; Algarve;Algarve;30;21-07-2025;3.0;3.5;3.2
Alfarroba*Inteira*SP*II*Saco 50 kg*EUR/kg;Alfarroba; Algarve;Algarve;30;21-07-2025;0.5;0.56;0.54
Alfarroba*Triturado Grosso*SP*II*Saco 50 kg*EUR/kg;Alfarroba; Algarve;Algarve;30;21-07-2025;0.25;0.27;0.26
Alfarroba*Triturado Grosso*SP*II*Saco 50 kg*EUR/kg;Alfarroba; Algarve;Algarve;35;28-08-2023;0.28;0.33;0.3
Alfarroba*Inteira*SP*II*Saco 50 kg*EUR/kg;Alfarroba; Algarve;Algarve;35;28-08-2023;0.53;0.8;0.6
Alfarroba*Inteira*SP*II*Saco 50 kg*EUR/kg;Alfarroba; Algarve;Algarve;37;11-09-2023;0.53;0.8;0.6
Alfarroba*Triturado Grosso*SP*II*Saco 50 kg*EUR/kg;Alfarroba; Algarve;Algarve;37;11-09-2023;0.28;0.33;0.3
Alfarroba*Inteira*SP*II*Saco 50 kg*EUR/kg;Alfarroba; Algarve;Algarve;38;18-09-2023;0.53;0.8;0.6
Alfarroba*Triturado Grosso*SP*II*Saco 50 kg*EUR/kg;Alfarroba; Algarve;Algarve;38;18-09-2023;0.28;0.33;0.3
Alfarroba*Graínha*SP*I*Saco 50 kg*EUR/kg;Alfarroba; Algarve;Algarve;40;02-10-2023;3.0;3.0;3.0
Alfarroba*Inteira*SP*II*Saco 50 kg*EUR/kg;Alfarroba; Algarve;Algarve;40;02-10-2023;0.6;0.8;0.7
Alfarroba*Triturado Grosso*SP*II*Saco 50 kg*EUR/kg;Alfarroba; Algarve;Algarve;40;02-10-2023;0.26;0.32;0.28
Alfarroba*Inteira*SP*II*Saco 50 kg*EUR/kg;Alfarroba; Algarve;Algarve;36;01-09-2025;0.37;0.47;0.4
Alfarroba*Triturado Grosso*SP*II*Saco 50 kg*EUR/kg;Alfarroba; Algarve;Algarve;36;01-09-2025;0.25;0.28;0.26
Alfarroba*Graínha*SP*I*Saco 50 kg*EUR/kg;Alfarroba; Algarve;Algarve;43;23-10-2023;3.0;3.0;3.0
Alfarroba*Inteira*SP*II*Saco 50 kg*EUR/kg;Alfarroba; Algarve;Algarve;43;23-10-2023;0.6;0.8;0.7
Alfarroba*Triturado Grosso*SP*II*Saco 50 kg*EUR/kg;Alfarroba; Algarve;Algarve;43;23-10-2023;0.24;0.32;0.28
Alfarroba*Inteira*SP*II*Saco 50 kg*EUR/kg;Alfarroba; Algarve;Algarve;37;08-09-2025;0.37;0.47;0.4
Alfarroba*Graínha*SP*I*Saco 50 kg*EUR/kg;Alfarroba; Algarve;Algarve;44;30-10-2023;3.0;3.0;3.0
Alfarroba*Inteira*SP*II*Saco 50 kg*EUR/kg;Alfarroba; Algarve;Algarve;44;30-10-2023;0.6;0.8;0.7
Alfarroba*Triturado Grosso*SP*II*Saco 50 kg*EUR/kg;Alfarroba; Algarve;Algarve;44;30-10-2023;0.24;0.32;0.28
Alfarroba*Graínha*SP*I*Saco 50 kg*EUR/kg;Alfarroba; Algarve;Algarve;37;08-09-2025;2.7;3.2;2.8
Alfarroba*Triturado Grosso*SP*II*Saco 50 kg*EUR/kg;Alfarroba; Algarve;Algarve;37;08-09-2025;0.25;0.28;0.26
Alfarroba*Graínha*SP*I*Saco 50 kg*EUR/kg;Alfarroba; Algarve;Algarve;45;06-11-2023;3.0;3.0;3.0
Alfarroba*Inteira*SP*II*Saco 50 kg*EUR/kg;Alfarroba; Algarve;Algarve;45;06-11-2023;0.67;0.8;0.7
Alfarroba*Triturado Grosso*SP*II*Saco 50 kg*EUR/kg;Alfarroba; Algarve;Algarve;45;06-11-2023;0.24;0.34;0.28
Alfarroba*Graínha*SP*I*Saco 50 kg*EUR/kg;Alfarroba; Algarve;Algarve;38;15-09-2025;2.7;3.2;2.8
Alfarroba*Graínha*SP*I*Saco 50 kg*EUR/kg;Alfarroba; Algarve;Algarve;46;13-11-2023;3.0;3.0;3.0
Alfarroba*Inteira*SP*II*Saco 50 kg*EUR/kg;Alfarroba; Algarve;Algarve;46;13-11-2023;0.67;0.8;0.7
Alfarroba*Triturado Grosso*SP*II*Saco 50 kg*EUR/kg;Alfarroba; Algarve;Algarve;46;13-11-2023;0.24;0.34;0.28
Alfarroba*Inteira*SP*II*Saco 50 kg*EUR/kg;Alfarroba; Algarve;Algarve;38;15-09-2025;0.37;0.47;0.4
Alfarroba*Triturado Grosso*SP*II*Saco 50 kg*EUR/kg;Alfarroba; Algarve;Algarve;38;15-09-2025;0.25;0.28;0.26
Alfarroba*Graínha*SP*I*Saco 50 kg*EUR/kg;Alfarroba; Algarve;Algarve;48;27-11-2023;3.0;3.0;3.0
Alfarroba*Graínha*SP*I*Saco 50 kg*EUR/kg;Alfarroba; Algarve;Algarve;47;20-11-2023;3.0;3.0;3.0
Alfarroba*Inteira*SP*II*Saco 50 kg*EUR/kg;Alfarroba; Algarve;Algarve;47;20-11-2023;0.67;0.8;0.7
Alfarroba*Triturado Grosso*SP*II*Saco 50 kg*EUR/kg;Alfarroba; Algarve;Algarve;47;20-11-2023;0.24;0.34;0.28
Alfarroba*Inteira*SP*II*Saco 50 kg*EUR/kg;Alfarroba; Algarve;Algarve;48;27-11-2023;0.67;0.8;0.7
Alfarroba*Triturado Grosso*SP*II*Saco 50 kg*EUR/kg;Alfarroba; Algarve;Algarve;48;27-11-2023;0.24;0.34;0.28
Alfarroba*Graínha*SP*I*Saco 50 kg*EUR/kg;Alfarroba; Algarve;Algarve;49;04-12-2023;3.0;3.0;3.0
Alfarroba*Inteira*SP*II*Saco 50 kg*EUR/kg;Alfarroba; Algarve;Algarve;49;04-12-2023;0.67;0.8;0.7
Alfarroba*Triturado Grosso*SP*II*Saco 50 kg*EUR/kg;Alfarroba; Algarve;Algarve;49;04-12-2023;0.24;0.34;0.28
Alfarroba*Graínha*SP*I*Saco 50 kg*EUR/kg;Alfarroba; Algarve;Algarve;50;11-12-2023;3.0;3.0;3.0
Alfarroba*Graínha*SP*I*Saco 50 kg*EUR/kg;Alfarroba; Algarve;Algarve;39;22-09-2025;2.7;3.2;2.8
Alfarroba*Inteira*SP*II*Saco 50 kg*EUR/kg;Alfarroba; Algarve;Algarve;39;22-09-2025;0.37;0.47;0.4
Alfarroba*Triturado Grosso*SP*II*Saco 50 kg*EUR/kg;Alfarroba; Algarve;Algarve;39;22-09-2025;0.25;0.28;0.26
Alfarroba*Inteira*SP*II*Saco 50 kg*EUR/kg;Alfarroba; Algarve;Algarve;50;11-12-2023;0.67;0.8;0.7
Alfarroba*Triturado Grosso*SP*II*Saco 50 kg*EUR/kg;Alfarroba; Algarve;Algarve;50;11-12-2023;0.24;0.34;0.28
Alfarroba*Graínha*SP*I*Saco 50 kg*EUR/kg;Alfarroba; Algarve;Algarve;40;29-09-2025;2.7;3.2;2.8
Alfarroba*Graínha*SP*I*Saco 50 kg*EUR/kg;Alfarroba; Algarve;Algarve;51;18-12-2023;3.0;3.0;3.0
Alfarroba*Inteira*SP*II*Saco 50 kg*EUR/kg;Alfarroba; Algarve;Algarve;51;18-12-2023;0.67;0.8;0.7
Alfarroba*Triturado Grosso*SP*II*Saco 50 kg*EUR/kg;Alfarroba; Algarve;Algarve;51;18-12-2023;0.24;0.34;0.28
Alfarroba*Inteira*SP*II*Saco 50 kg*EUR/kg;Alfarroba; Algarve;Algarve;40;29-09-2025;0.37;0.47;0.4
Alfarroba*Triturado Grosso*SP*II*Saco 50 kg*EUR/kg;Alfarroba; Algarve;Algarve;40;29-09-2025;0.25;0.28;0.26
Alfarroba*Graínha*SP*I*Saco 50 kg*EUR/kg;Alfarroba; Algarve;Algarve;52;25-12-2023;3.0;3.0;3.0
Alfarroba*Inteira*SP*II*Saco 50 kg*EUR/kg;Alfarroba; Algarve;Algarve;52;25-12-2023;0.67;0.8;0.7
Alfarroba*Triturado Grosso*SP*II*Saco 50 kg*EUR/kg;Alfarroba; Algarve;Algarve;52;25-12-2023;0.24;0.34;0.28
Alfarroba*Graínha*SP*I*Saco 50 kg*EUR/kg;Alfarroba; Algarve;Algarve;41;06-10-2025;2.7;3.2;2.8
Alfarroba*Graínha*SP*I*Saco 50 kg*EUR/kg;Alfarroba; Algarve;Algarve;1;01-01-2024;3.0;3.0;3.0
Alfarroba*Inteira*SP*II*Saco 50 kg*EUR/kg;Alfarroba; Algarve;Algarve;1;01-01-2024;0.67;0.8;0.7
Alfarroba*Triturado Grosso*SP*II*Saco 50 kg*EUR/kg;Alfarroba; Algarve;Algarve;1;01-01-2024;0.24;0.34;0.28
Alfarroba*Inteira*SP*II*Saco 50 kg*EUR/kg;Alfarroba; Algarve;Algarve;2;08-01-2024;0.7;0.8;0.73
Alfarroba*Triturado Grosso*SP*II*Saco 50 kg*EUR/kg;Alfarroba; Algarve;Algarve;2;08-01-2024;0.24;0.31;0.28
Alfarroba*Inteira*SP*II*Saco 50 kg*EUR/kg;Alfarroba; Algarve;Algarve;41;06-10-2025;0.37;0.47;0.4
Alfarroba*Triturado Grosso*SP*II*Saco 50 kg*EUR/kg;Alfarroba; Algarve;Algarve;41;06-10-2025;0.25;0.28;0.26
Alfarroba*Graínha*SP*I*Saco 50 kg*EUR/kg;Alfarroba; Algarve;Algarve;8;16-02-2026;2.5;3.0;2.6
Alfarroba*Graínha*SP*I*Saco 50 kg*EUR/kg;Alfarroba; Algarve;Algarve;2;08-01-2024;3.0;3.5;3.0
Alfarroba*Graínha*SP*I*Saco 50 kg*EUR/kg;Alfarroba; Algarve;Algarve;3;15-01-2024;3.0;3.5;3.0
Alfarroba*Inteira*SP*II*Saco 50 kg*EUR/kg;Alfarroba; Algarve;Algarve;3;15-01-2024;0.7;0.8;0.73
Alfarroba*Triturado Grosso*SP*II*Saco 50 kg*EUR/kg;Alfarroba; Algarve;Algarve;3;15-01-2024;0.24;0.31;0.28
Alfarroba*Graínha*SP*I*Saco 50 kg*EUR/kg;Alfarroba; Algarve;Algarve;4;22-01-2024;3.0;3.5;3.0
Alfarroba*Inteira*SP*II*Saco 50 kg*EUR/kg;Alfarroba; Algarve;Algarve;4;22-01-2024;0.7;0.8;0.73
Alfarroba*Triturado Grosso*SP*II*Saco 50 kg*EUR/kg;Alfarroba; Algarve;Algarve;4;22-01-2024;0.24;0.31;0.28
Alfarroba*Graínha*SP*I*Saco 50 kg*EUR/kg;Alfarroba; Algarve;Algarve;5;29-01-2024;3.0;3.5;3.0
Alfarroba*Inteira*SP*II*Saco 50 kg*EUR/kg;Alfarroba; Algarve;Algarve;5;29-01-2024;0.7;0.8;0.73
Alfarroba*Triturado Grosso*SP*II*Saco 50 kg*EUR/kg;Alfarroba; Algarve;Algarve;5;29-01-2024;0.24;0.31;0.28
Alfarroba*Graínha*SP*I*Saco 50 kg*EUR/kg;Alfarroba; Algarve;Algarve;6;05-02-2024;3.0;3.5;3.0
Alfarroba*Inteira*SP*II*Saco 50 kg*EUR/kg;Alfarroba; Algarve;Algarve;6;05-02-2024;0.7;0.8;0.73
Alfarroba*Triturado Grosso*SP*II*Saco 50 kg*EUR/kg;Alfarroba; Algarve;Algarve;6;05-02-2024;0.24;0.31;0.28
Alfarroba*Graínha*SP*I*Saco 50 kg*EUR/kg;Alfarroba; Algarve;Algarve;7;12-02-2024;3.0;3.5;3.0
Alfarroba*Inteira*SP*II*Saco 50 kg*EUR/kg;Alfarroba; Algarve;Algarve;7;12-02-2024;0.7;0.8;0.73
Alfarroba*Triturado Grosso*SP*II*Saco 50 kg*EUR/kg;Alfarroba; Algarve;Algarve;7;12-02-2024;0.24;0.31;0.28
Alfarroba*Graínha*SP*I*Saco 50 kg*EUR/kg;Alfarroba; Algarve;Algarve;43;20-10-2025;2.7;3.2;2.8
Alfarroba*Inteira*SP*II*Saco 50 kg*EUR/kg;Alfarroba; Algarve;Algarve;43;20-10-2025;0.37;0.47;0.4
Alfarroba*Triturado Grosso*SP*II*Saco 50 kg*EUR/kg;Alfarroba; Algarve;Algarve;43;20-10-2025;0.25;0.28;0.26
Alfarroba*Triturado Grosso*SP*II*Saco 50 kg*EUR/kg;Alfarroba; Algarve;Algarve;44;27-10-2025;0.25;0.28;0.26
Alfarroba*Graínha*SP*I*Saco 50 kg*EUR/kg;Alfarroba; Algarve;Algarve;44;27-10-2025;2.7;3.2;2.8
Alfarroba*Inteira*SP*II*Saco 50 kg*EUR/kg;Alfarroba; Algarve;Algarve;44;27-10-2025;0.37;0.47;0.4
Alfarroba*Graínha*SP*I*Saco 50 kg*EUR/kg;Alfarroba; Algarve;Algarve;12;18-03-2024;3.0;3.8;3.5
Alfarroba*Inteira*SP*II*Saco 50 kg*EUR/kg;Alfarroba; Algarve;Algarve;12;18-03-2024;0.6;0.67;0.63
Alfarroba*Triturado Grosso*SP*II*Saco 50 kg*EUR/kg;Alfarroba; Algarve;Algarve;12;18-03-2024;0.24;0.33;0.28
Alfarroba*Graínha*SP*I*Saco 50 kg*EUR/kg;Alfarroba; Algarve;Algarve;14;01-04-2024;3.0;3.8;3.5
Alfarroba*Inteira*SP*II*Saco 50 kg*EUR/kg;Alfarroba; Algarve;Algarve;14;01-04-2024;0.6;0.67;0.63
Alfarroba*Triturado Grosso*SP*II*Saco 50 kg*EUR/kg;Alfarroba; Algarve;Algarve;14;01-04-2024;0.24;0.33;0.28
Alfarroba*Graínha*SP*I*Saco 50 kg*EUR/kg;Alfarroba; Algarve;Algarve;9;23-02-2026;2.5;3.0;2.6
Alfarroba*Inteira*SP*II*Saco 50 kg*EUR/kg;Alfarroba; Algarve;Algarve;9;23-02-2026;0.4;0.43;0.41
Alfarroba*Triturado Grosso*SP*II*Saco 50 kg*EUR/kg;Alfarroba; Algarve;Algarve;9;23-02-2026;0.26;0.29;0.27
Alfarroba*Graínha*SP*I*Saco 50 kg*EUR/kg;Alfarroba; Algarve;Algarve;46;10-11-2025;2.7;3.2;2.8
Alfarroba*Inteira*SP*II*Saco 50 kg*EUR/kg;Alfarroba; Algarve;Algarve;46;10-11-2025;0.37;0.47;0.4
Alfarroba*Triturado Grosso*SP*II*Saco 50 kg*EUR/kg;Alfarroba; Algarve;Algarve;46;10-11-2025;0.25;0.28;0.26
Alfarroba*Graínha*SP*I*Saco 50 kg*EUR/kg;Alfarroba; Algarve;Algarve;15;08-04-2024;3.0;3.75;3.5
Alfarroba*Inteira*SP*II*Saco 50 kg*EUR/kg;Alfarroba; Algarve;Algarve;15;08-04-2024;0.6;0.67;0.63
Alfarroba*Triturado Grosso*SP*II*Saco 50 kg*EUR/kg;Alfarroba; Algarve;Algarve;15;08-04-2024;0.24;0.3;0.28
Alfarroba*Graínha*SP*I*Saco 50 kg*EUR/kg;Alfarroba; Algarve;Algarve;17;22-04-2024;3.0;3.75;3.5
Alfarroba*Inteira*SP*II*Saco 50 kg*EUR/kg;Alfarroba; Algarve;Algarve;17;22-04-2024;0.6;0.67;0.63
Alfarroba*Triturado Grosso*SP*II*Saco 50 kg*EUR/kg;Alfarroba; Algarve;Algarve;17;22-04-2024;0.24;0.3;0.28
Alfarroba*Graínha*SP*I*Saco 50 kg*EUR/kg;Alfarroba; Algarve;Algarve;47;17-11-2025;2.7;3.2;2.8
Alfarroba*Inteira*SP*II*Saco 50 kg*EUR/kg;Alfarroba; Algarve;Algarve;47;17-11-2025;0.37;0.47;0.4
Alfarroba*Triturado Grosso*SP*II*Saco 50 kg*EUR/kg;Alfarroba; Algarve;Algarve;47;17-11-2025;0.25;0.28;0.26
Alfarroba*Graínha*SP*I*Saco 50 kg*EUR/kg;Alfarroba; Algarve;Algarve;18;29-04-2024;3.0;3.75;3.5
Alfarroba*Inteira*SP*II*Saco 50 kg*EUR/kg;Alfarroba; Algarve;Algarve;18;29-04-2024;0.6;0.67;0.63
Alfarroba*Triturado Grosso*SP*II*Saco 50 kg*EUR/kg;Alfarroba; Algarve;Algarve;18;29-04-2024;0.24;0.3;0.28
Alfarroba*Graínha*SP*I*Saco 50 kg*EUR/kg;Alfarroba; Algarve;Algarve;8;19-02-2024;3.0;3.8;3.5
Alfarroba*Inteira*SP*II*Saco 50 kg*EUR/kg;Alfarroba; Algarve;Algarve;8;19-02-2024;0.63;0.73;0.67
Alfarroba*Triturado Grosso*SP*II*Saco 50 kg*EUR/kg;Alfarroba; Algarve;Algarve;8;19-02-2024;0.24;0.33;0.28
Alfarroba*Inteira*SP*II*Saco 50 kg*EUR/kg;Alfarroba; Algarve;Algarve;9;26-02-2024;0.6;0.67;0.63
Alfarroba*Triturado Grosso*SP*II*Saco 50 kg*EUR/kg;Alfarroba; Algarve;Algarve;9;26-02-2024;0.24;0.33;0.28
Alfarroba*Graínha*SP*I*Saco 50 kg*EUR/kg;Alfarroba; Algarve;Algarve;9;26-02-2024;3.0;3.8;3.5
Alfarroba*Graínha*SP*I*Saco 50 kg*EUR/kg;Alfarroba; Algarve;Algarve;10;04-03-2024;3.0;3.8;3.5
Alfarroba*Inteira*SP*II*Saco 50 kg*EUR/kg;Alfarroba; Algarve;Algarve;10;04-03-2024;0.6;0.67;0.63
Alfarroba*Triturado Grosso*SP*II*Saco 50 kg*EUR/kg;Alfarroba; Algarve;Algarve;10;04-03-2024;0.24;0.33;0.28
Alfarroba*Graínha*SP*I*Saco 50 kg*EUR/kg;Alfarroba; Algarve;Algarve;11;11-03-2024;3.0;3.8;3.5
Alfarroba*Inteira*SP*II*Saco 50 kg*EUR/kg;Alfarroba; Algarve;Algarve;11;11-03-2024;0.6;0.67;0.63
Alfarroba*Triturado Grosso*SP*II*Saco 50 kg*EUR/kg;Alfarroba; Algarve;Algarve;11;11-03-2024;0.24;0.33;0.28
Alfarroba*Graínha*SP*I*Saco 50 kg*EUR/kg;Alfarroba; Algarve;Algarve;45;03-11-2025;2.7;3.2;2.8
Alfarroba*Inteira*SP*II*Saco 50 kg*EUR/kg;Alfarroba; Algarve;Algarve;45;03-11-2025;0.37;0.47;0.4
Alfarroba*Triturado Grosso*SP*II*Saco 50 kg*EUR/kg;Alfarroba; Algarve;Algarve;45;03-11-2025;0.25;0.28;0.26
Alfarroba*Graínha*SP*I*Saco 50 kg*EUR/kg;Alfarroba; Algarve;Algarve;13;25-03-2024;3.0;3.8;3.5
Alfarroba*Inteira*SP*II*Saco 50 kg*EUR/kg;Alfarroba; Algarve;Algarve;13;25-03-2024;0.6;0.67;0.63
Alfarroba*Triturado Grosso*SP*II*Saco 50 kg*EUR/kg;Alfarroba; Algarve;Algarve;13;25-03-2024;0.24;0.33;0.28
Alfarroba*Graínha*SP*I*Saco 50 kg*EUR/kg;Alfarroba; Algarve;Algarve;16;15-04-2024;3.0;3.75;3.5
Alfarroba*Inteira*SP*II*Saco 50 kg*EUR/kg;Alfarroba; Algarve;Algarve;16;15-04-2024;0.6;0.67;0.63
Alfarroba*Triturado Grosso*SP*II*Saco 50 kg*EUR/kg;Alfarroba; Algarve;Algarve;16;15-04-2024;0.24;0.3;0.28
Alfarroba*Inteira*SP*II*Saco 50 kg*EUR/kg;Alfarroba; Algarve;Algarve;8;16-02-2026;0.37;0.42;0.4
Alfarroba*Triturado Grosso*SP*II*Saco 50 kg*EUR/kg;Alfarroba; Algarve;Algarve;8;16-02-2026;0.25;0.28;0.26
Alfarroba*Graínha*SP*I*Saco 50 kg*EUR/kg;Alfarroba; Algarve;Algarve;42;13-10-2025;2.7;3.2;2.8
Alfarroba*Inteira*SP*II*Saco 50 kg*EUR/kg;Alfarroba; Algarve;Algarve;42;13-10-2025;0.37;0.47;0.4
Alfarroba*Triturado Grosso*SP*II*Saco 50 kg*EUR/kg;Alfarroba; Algarve;Algarve;42;13-10-2025;0.25;0.28;0.26
Alfarroba*Graínha*SP*I*Saco 50 kg*EUR/kg;Alfarroba; Algarve;Algarve;48;24-11-2025;2.7;3.2;2.8
Alfarroba*Inteira*SP*II*Saco 50 kg*EUR/kg;Alfarroba; Algarve;Algarve;48;24-11-2025;0.37;0.47;0.4
Alfarroba*Triturado Grosso*SP*II*Saco 50 kg*EUR/kg;Alfarroba; Algarve;Algarve;48;24-11-2025;0.25;0.28;0.26
Alfarroba*Graínha*SP*I*Saco 50 kg*EUR/kg;Alfarroba; Algarve;Algarve;19;06-05-2024;3.0;3.75;3.5
Alfarroba*Inteira*SP*II*Saco 50 kg*EUR/kg;Alfarroba; Algarve;Algarve;19;06-05-2024;0.6;0.67;0.63
Alfarroba*Triturado Grosso*SP*II*Saco 50 kg*EUR/kg;Alfarroba; Algarve;Algarve;19;06-05-2024;0.24;0.3;0.28
Alfarroba*Graínha*SP*I*Saco 50 kg*EUR/kg;Alfarroba; Algarve;Algarve;20;13-05-2024;3.0;3.75;3.5
Alfarroba*Inteira*SP*II*Saco 50 kg*EUR/kg;Alfarroba; Algarve;Algarve;20;13-05-2024;0.6;0.67;0.63
Alfarroba*Triturado Grosso*SP*II*Saco 50 kg*EUR/kg;Alfarroba; Algarve;Algarve;20;13-05-2024;0.24;0.3;0.28
Alfarroba*Graínha*SP*I*Saco 50 kg*EUR/kg;Alfarroba; Algarve;Algarve;22;27-05-2024;3.0;3.75;3.5
Alfarroba*Graínha*SP*I*Saco 50 kg*EUR/kg;Alfarroba; Algarve;Algarve;49;01-12-2025;2.7;3.2;2.8
Alfarroba*Inteira*SP*II*Saco 50 kg*EUR/kg;Alfarroba; Algarve;Algarve;49;01-12-2025;0.37;0.47;0.4
Alfarroba*Triturado Grosso*SP*II*Saco 50 kg*EUR/kg;Alfarroba; Algarve;Algarve;49;01-12-2025;0.25;0.28;0.26
Alfarroba*Graínha*SP*I*Saco 50 kg*EUR/kg;Alfarroba; Algarve;Algarve;21;20-05-2024;3.0;3.75;3.5
Alfarroba*Inteira*SP*II*Saco 50 kg*EUR/kg;Alfarroba; Algarve;Algarve;21;20-05-2024;0.6;0.67;0.63
Alfarroba*Triturado Grosso*SP*II*Saco 50 kg*EUR/kg;Alfarroba; Algarve;Algarve;21;20-05-2024;0.24;0.3;0.28
Alfarroba*Inteira*SP*II*Saco 50 kg*EUR/kg;Alfarroba; Algarve;Algarve;22;27-05-2024;0.6;0.67;0.63
Alfarroba*Triturado Grosso*SP*II*Saco 50 kg*EUR/kg;Alfarroba; Algarve;Algarve;22;27-05-2024;0.24;0.3;0.28
Alfarroba*Graínha*SP*I*Saco 50 kg*EUR/kg;Alfarroba; Algarve;Algarve;50;08-12-2025;2.6;3.1;2.7
Alfarroba*Inteira*SP*II*Saco 50 kg*EUR/kg;Alfarroba; Algarve;Algarve;50;08-12-2025;0.37;0.43;0.4
Alfarroba*Triturado Grosso*SP*II*Saco 50 kg*EUR/kg;Alfarroba; Algarve;Algarve;50;08-12-2025;0.25;0.28;0.26
Alfarroba*Graínha*SP*I*Saco 50 kg*EUR/kg;Alfarroba; Algarve;Algarve;25;17-06-2024;3.0;3.75;3.5
Alfarroba*Graínha*SP*I*Saco 50 kg*EUR/kg;Alfarroba; Algarve;Algarve;23;03-06-2024;3.0;3.75;3.5
Alfarroba*Inteira*SP*II*Saco 50 kg*EUR/kg;Alfarroba; Algarve;Algarve;23;03-06-2024;0.6;0.67;0.63
Alfarroba*Triturado Grosso*SP*II*Saco 50 kg*EUR/kg;Alfarroba; Algarve;Algarve;23;03-06-2024;0.24;0.3;0.28
Alfarroba*Graínha*SP*I*Saco 50 kg*EUR/kg;Alfarroba; Algarve;Algarve;24;10-06-2024;3.0;3.75;3.5
Alfarroba*Inteira*SP*II*Saco 50 kg*EUR/kg;Alfarroba; Algarve;Algarve;24;10-06-2024;0.6;0.67;0.63
Alfarroba*Triturado Grosso*SP*II*Saco 50 kg*EUR/kg;Alfarroba; Algarve;Algarve;24;10-06-2024;0.24;0.3;0.28
Alfarroba*Inteira*SP*II*Saco 50 kg*EUR/kg;Alfarroba; Algarve;Algarve;25;17-06-2024;0.6;0.67;0.63
Alfarroba*Triturado Grosso*SP*II*Saco 50 kg*EUR/kg;Alfarroba; Algarve;Algarve;25;17-06-2024;0.24;0.29;0.26
Alfarroba*Graínha*SP*I*Saco 50 kg*EUR/kg;Alfarroba; Algarve;Algarve;51;15-12-2025;2.6;3.1;2.7
Alfarroba*Inteira*SP*II*Saco 50 kg*EUR/kg;Alfarroba; Algarve;Algarve;51;15-12-2025;0.37;0.43;0.4
Alfarroba*Triturado Grosso*SP*II*Saco 50 kg*EUR/kg;Alfarroba; Algarve;Algarve;51;15-12-2025;0.25;0.28;0.26
Alfarroba*Graínha*SP*I*Saco 50 kg*EUR/kg;Alfarroba; Algarve;Algarve;10;02-03-2026;2.5;3.0;2.6
Alfarroba*Inteira*SP*II*Saco 50 kg*EUR/kg;Alfarroba; Algarve;Algarve;10;02-03-2026;0.4;0.43;0.41
Alfarroba*Triturado Grosso*SP*II*Saco 50 kg*EUR/kg;Alfarroba; Algarve;Algarve;10;02-03-2026;0.26;0.29;0.27
Alfarroba*Graínha*SP*I*Saco 50 kg*EUR/kg;Alfarroba; Algarve;Algarve;26;24-06-2024;3.0;3.75;3.5
Alfarroba*Graínha*SP*I*Saco 50 kg*EUR/kg;Alfarroba; Algarve;Algarve;52;22-12-2025;2.6;3.1;2.7
Alfarroba*Inteira*SP*II*Saco 50 kg*EUR/kg;Alfarroba; Algarve;Algarve;52;22-12-2025;0.37;0.43;0.4
Alfarroba*Triturado Grosso*SP*II*Saco 50 kg*EUR/kg;Alfarroba; Algarve;Algarve;52;22-12-2025;0.25;0.28;0.26
Alfarroba*Inteira*SP*II*Saco 50 kg*EUR/kg;Alfarroba; Algarve;Algarve;26;24-06-2024;0.6;0.67;0.63
Alfarroba*Triturado Grosso*SP*II*Saco 50 kg*EUR/kg;Alfarroba; Algarve;Algarve;26;24-06-2024;0.24;0.29;0.26
Alfarroba*Graínha*SP*I*Saco 50 kg*EUR/kg;Alfarroba; Algarve;Algarve;1;29-12-2025;2.6;3.1;2.7
Alfarroba*Inteira*SP*II*Saco 50 kg*EUR/kg;Alfarroba; Algarve;Algarve;1;29-12-2025;0.37;0.43;0.4
Alfarroba*Triturado Grosso*SP*II*Saco 50 kg*EUR/kg;Alfarroba; Algarve;Algarve;1;29-12-2025;0.25;0.28;0.26
Alfarroba*Graínha*SP*I*Saco 50 kg*EUR/kg;Alfarroba; Algarve;Algarve;28;08-07-2024;3.0;3.75;3.5
Alfarroba*Graínha*SP*I*Saco 50 kg*EUR/kg;Alfarroba; Algarve;Algarve;27;01-07-2024;3.0;3.75;3.5
Alfarroba*Inteira*SP*II*Saco 50 kg*EUR/kg;Alfarroba; Algarve;Algarve;27;01-07-2024;0.6;0.67;0.63
Alfarroba*Triturado Grosso*SP*II*Saco 50 kg*EUR/kg;Alfarroba; Algarve;Algarve;27;01-07-2024;0.24;0.29;0.26
Alfarroba*Inteira*SP*II*Saco 50 kg*EUR/kg;Alfarroba; Algarve;Algarve;28;08-07-2024;0.6;0.67;0.63
Alfarroba*Triturado Grosso*SP*II*Saco 50 kg*EUR/kg;Alfarroba; Algarve;Algarve;28;08-07-2024;0.24;0.29;0.26
Alfarroba*Graínha*SP*I*Saco 50 kg*EUR/kg;Alfarroba; Algarve;Algarve;15;06-04-2026;2.5;3.0;2.6
Alfarroba*Graínha*SP*I*Saco 50 kg*EUR/kg;Alfarroba; Algarve;Algarve;2;05-01-2026;2.6;3.1;2.7
Alfarroba*Inteira*SP*II*Saco 50 kg*EUR/kg;Alfarroba; Algarve;Algarve;2;05-01-2026;0.37;0.43;0.4
Alfarroba*Triturado Grosso*SP*II*Saco 50 kg*EUR/kg;Alfarroba; Algarve;Algarve;2;05-01-2026;0.25;0.28;0.26
Alfarroba*Graínha*SP*I*Saco 50 kg*EUR/kg;Alfarroba; Algarve;Algarve;30;22-07-2024;3.0;3.75;3.5
Alfarroba*Inteira*SP*II*Saco 50 kg*EUR/kg;Alfarroba; Algarve;Algarve;30;22-07-2024;0.6;0.67;0.63
Alfarroba*Triturado Grosso*SP*II*Saco 50 kg*EUR/kg;Alfarroba; Algarve;Algarve;30;22-07-2024;0.24;0.28;0.26
Alfarroba*Graínha*SP*I*Saco 50 kg*EUR/kg;Alfarroba; Algarve;Algarve;31;29-07-2024;3.0;3.75;3.5
Alfarroba*Inteira*SP*II*Saco 50 kg*EUR/kg;Alfarroba; Algarve;Algarve;31;29-07-2024;0.6;0.67;0.63
Alfarroba*Triturado Grosso*SP*II*Saco 50 kg*EUR/kg;Alfarroba; Algarve;Algarve;31;29-07-2024;0.24;0.28;0.26
Alfarroba*Graínha*SP*I*Saco 50 kg*EUR/kg;Alfarroba; Algarve;Algarve;3;12-01-2026;2.6;3.1;2.7
Alfarroba*Inteira*SP*II*Saco 50 kg*EUR/kg;Alfarroba; Algarve;Algarve;3;12-01-2026;0.37;0.43;0.4
Alfarroba*Triturado Grosso*SP*II*Saco 50 kg*EUR/kg;Alfarroba; Algarve;Algarve;3;12-01-2026;0.25;0.28;0.26
Alfarroba*Graínha*SP*I*Saco 50 kg*EUR/kg;Alfarroba; Algarve;Algarve;4;19-01-2026;2.5;3.0;2.6
Alfarroba*Inteira*SP*II*Saco 50 kg*EUR/kg;Alfarroba; Algarve;Algarve;4;19-01-2026;0.37;0.42;0.4
Alfarroba*Triturado Grosso*SP*II*Saco 50 kg*EUR/kg;Alfarroba; Algarve;Algarve;4;19-01-2026;0.25;0.28;0.26
Alfarroba*Graínha*SP*I*Saco 50 kg*EUR/kg;Alfarroba; Algarve;Algarve;34;19-08-2024;3.0;3.75;3.5
Alfarroba*Inteira*SP*II*Saco 50 kg*EUR/kg;Alfarroba; Algarve;Algarve;34;19-08-2024;0.52;0.55;0.53
Alfarroba*Triturado Grosso*SP*II*Saco 50 kg*EUR/kg;Alfarroba; Algarve;Algarve;34;19-08-2024;0.24;0.28;0.26
Alfarroba*Graínha*SP*I*Saco 50 kg*EUR/kg;Alfarroba; Algarve;Algarve;35;26-08-2024;3.0;3.75;3.5
Alfarroba*Inteira*SP*II*Saco 50 kg*EUR/kg;Alfarroba; Algarve;Algarve;35;26-08-2024;0.52;0.55;0.53
Alfarroba*Triturado Grosso*SP*II*Saco 50 kg*EUR/kg;Alfarroba; Algarve;Algarve;35;26-08-2024;0.24;0.28;0.26
Alfarroba*Triturado Grosso*SP*II*Saco 50 kg*EUR/kg;Alfarroba; Algarve;Algarve;38;16-09-2024;0.24;0.28;0.26
Alfarroba*Graínha*SP*I*Saco 50 kg*EUR/kg;Alfarroba; Algarve;Algarve;11;09-03-2026;2.5;3.0;2.6
Alfarroba*Inteira*SP*II*Saco 50 kg*EUR/kg;Alfarroba; Algarve;Algarve;11;09-03-2026;0.4;0.43;0.41
Alfarroba*Triturado Grosso*SP*II*Saco 50 kg*EUR/kg;Alfarroba; Algarve;Algarve;11;09-03-2026;0.26;0.29;0.27
Alfarroba*Graínha*SP*I*Saco 50 kg*EUR/kg;Alfarroba; Algarve;Algarve;12;16-03-2026;2.5;3.0;2.6
Alfarroba*Inteira*SP*II*Saco 50 kg*EUR/kg;Alfarroba; Algarve;Algarve;12;16-03-2026;0.4;0.43;0.41
Alfarroba*Triturado Grosso*SP*II*Saco 50 kg*EUR/kg;Alfarroba; Algarve;Algarve;12;16-03-2026;0.26;0.29;0.27
Alfarroba*Graínha*SP*I*Saco 50 kg*EUR/kg;Alfarroba; Algarve;Algarve;14;30-03-2026;2.5;3.0;2.6
Alfarroba*Inteira*SP*II*Saco 50 kg*EUR/kg;Alfarroba; Algarve;Algarve;14;30-03-2026;0.4;0.43;0.41
Alfarroba*Triturado Grosso*SP*II*Saco 50 kg*EUR/kg;Alfarroba; Algarve;Algarve;14;30-03-2026;0.26;0.29;0.27
Alfarroba*Graínha*SP*I*Saco 50 kg*EUR/kg;Alfarroba; Algarve;Algarve;29;15-07-2024;3.0;3.75;3.5
Alfarroba*Inteira*SP*II*Saco 50 kg*EUR/kg;Alfarroba; Algarve;Algarve;29;15-07-2024;0.6;0.67;0.63
Alfarroba*Triturado Grosso*SP*II*Saco 50 kg*EUR/kg;Alfarroba; Algarve;Algarve;29;15-07-2024;0.24;0.29;0.26
Alfarroba*Graínha*SP*I*Saco 50 kg*EUR/kg;Alfarroba; Algarve;Algarve;32;05-08-2024;3.0;3.75;3.5
Alfarroba*Inteira*SP*II*Saco 50 kg*EUR/kg;Alfarroba; Algarve;Algarve;32;05-08-2024;0.52;0.55;0.53
Alfarroba*Triturado Grosso*SP*II*Saco 50 kg*EUR/kg;Alfarroba; Algarve;Algarve;32;05-08-2024;0.24;0.28;0.26
Alfarroba*Graínha*SP*I*Saco 50 kg*EUR/kg;Alfarroba; Algarve;Algarve;33;12-08-2024;3.0;3.75;3.5
Alfarroba*Inteira*SP*II*Saco 50 kg*EUR/kg;Alfarroba; Algarve;Algarve;33;12-08-2024;0.52;0.55;0.53
Alfarroba*Triturado Grosso*SP*II*Saco 50 kg*EUR/kg;Alfarroba; Algarve;Algarve;33;12-08-2024;0.24;0.28;0.26
Alfarroba*Graínha*SP*I*Saco 50 kg*EUR/kg;Alfarroba; Algarve;Algarve;36;02-09-2024;3.0;3.75;3.5
Alfarroba*Inteira*SP*II*Saco 50 kg*EUR/kg;Alfarroba; Algarve;Algarve;36;02-09-2024;0.52;0.55;0.53
Alfarroba*Triturado Grosso*SP*II*Saco 50 kg*EUR/kg;Alfarroba; Algarve;Algarve;36;02-09-2024;0.24;0.28;0.26
Alfarroba*Graínha*SP*I*Saco 50 kg*EUR/kg;Alfarroba; Algarve;Algarve;5;26-01-2026;2.5;3.0;2.6
Alfarroba*Inteira*SP*II*Saco 50 kg*EUR/kg;Alfarroba; Algarve;Algarve;5;26-01-2026;0.37;0.42;0.4
Alfarroba*Triturado Grosso*SP*II*Saco 50 kg*EUR/kg;Alfarroba; Algarve;Algarve;5;26-01-2026;0.25;0.28;0.26
Alfarroba*Graínha*SP*I*Saco 50 kg*EUR/kg;Alfarroba; Algarve;Algarve;37;09-09-2024;3.0;3.75;3.5
Alfarroba*Inteira*SP*II*Saco 50 kg*EUR/kg;Alfarroba; Algarve;Algarve;37;09-09-2024;0.52;0.55;0.53
Alfarroba*Triturado Grosso*SP*II*Saco 50 kg*EUR/kg;Alfarroba; Algarve;Algarve;37;09-09-2024;0.24;0.28;0.26
Alfarroba*Graínha*SP*I*Saco 50 kg*EUR/kg;Alfarroba; Algarve;Algarve;38;16-09-2024;3.0;3.75;3.5
Alfarroba*Inteira*SP*II*Saco 50 kg*EUR/kg;Alfarroba; Algarve;Algarve;38;16-09-2024;0.52;0.55;0.53
Alfarroba*Graínha*SP*I*Saco 50 kg*EUR/kg;Alfarroba; Algarve;Algarve;6;02-02-2026;2.5;3.0;2.6
Alfarroba*Inteira*SP*II*Saco 50 kg*EUR/kg;Alfarroba; Algarve;Algarve;6;02-02-2026;0.37;0.42;0.4
Alfarroba*Triturado Grosso*SP*II*Saco 50 kg*EUR/kg;Alfarroba; Algarve;Algarve;6;02-02-2026;0.25;0.28;0.26
Alfarroba*Graínha*SP*I*Saco 50 kg*EUR/kg;Alfarroba; Algarve;Algarve;39;23-09-2024;3.0;3.75;3.5
Alfarroba*Inteira*SP*II*Saco 50 kg*EUR/kg;Alfarroba; Algarve;Algarve;39;23-09-2024;0.52;0.55;0.53
Alfarroba*Triturado Grosso*SP*II*Saco 50 kg*EUR/kg;Alfarroba; Algarve;Algarve;39;23-09-2024;0.24;0.28;0.26
Alfarroba*Graínha*SP*I*Saco 50 kg*EUR/kg;Alfarroba; Algarve;Algarve;47;22-11-2021;16.0;20.0;17.0
Alfarroba*Inteira*SP*II*Saco 50 kg*EUR/kg;Alfarroba; Algarve;Algarve;47;22-11-2021;1.67;2.0;1.87
Alfarroba*Triturado Grosso*SP*II*Saco 50 kg*EUR/kg;Alfarroba; Algarve;Algarve;47;22-11-2021;0.11;0.14;0.13
Alfarroba*Graínha*SP*I*Saco 50 kg*EUR/kg;Alfarroba; Algarve;Algarve;13;23-03-2026;2.5;3.0;2.6
Alfarroba*Inteira*SP*II*Saco 50 kg*EUR/kg;Alfarroba; Algarve;Algarve;13;23-03-2026;0.4;0.43;0.41
Alfarroba*Triturado Grosso*SP*II*Saco 50 kg*EUR/kg;Alfarroba; Algarve;Algarve;13;23-03-2026;0.26;0.29;0.27
Alfarroba*Inteira*SP*II*Saco 50 kg*EUR/kg;Alfarroba; Algarve;Algarve;15;06-04-2026;0.43;0.47;0.45
Alfarroba*Triturado Grosso*SP*II*Saco 50 kg*EUR/kg;Alfarroba; Algarve;Algarve;15;06-04-2026;0.26;0.29;0.27
Alfarroba*Graínha*SP*I*Saco 50 kg*EUR/kg;Alfarroba; Algarve;Algarve;17;20-04-2026;2.5;3.0;2.6
Alfarroba*Graínha*SP*I*Saco 50 kg*EUR/kg;Alfarroba; Algarve;Algarve;16;13-04-2026;2.5;3.0;2.6
Alfarroba*Inteira*SP*II*Saco 50 kg*EUR/kg;Alfarroba; Algarve;Algarve;16;13-04-2026;0.43;0.47;0.45
Alfarroba*Triturado Grosso*SP*II*Saco 50 kg*EUR/kg;Alfarroba; Algarve;Algarve;16;13-04-2026;0.26;0.29;0.27
Alfarroba*Inteira*SP*II*Saco 50 kg*EUR/kg;Alfarroba; Algarve;Algarve;17;20-04-2026;0.43;0.47;0.45
Alfarroba*Triturado Grosso*SP*II*Saco 50 kg*EUR/kg;Alfarroba; Algarve;Algarve;17;20-04-2026;0.26;0.29;0.27
Alfarroba*Graínha*SP*I*Saco 50 kg*EUR/kg;Alfarroba; Algarve;Algarve;18;27-04-2026;2.5;3.0;2.6
Alfarroba*Inteira*SP*II*Saco 50 kg*EUR/kg;Alfarroba; Algarve;Algarve;18;27-04-2026;0.43;0.47;0.45
Alfarroba*Triturado Grosso*SP*II*Saco 50 kg*EUR/kg;Alfarroba; Algarve;Algarve;18;27-04-2026;0.26;0.29;0.27
Alfarroba*Graínha*SP*I*Saco 50 kg*EUR/kg;Alfarroba; Algarve;Algarve;20;11-05-2026;2.5;3.0;2.6
Alfarroba*Graínha*SP*I*Saco 50 kg*EUR/kg;Alfarroba; Algarve;Algarve;19;04-05-2026;2.5;3.0;2.6
Alfarroba*Inteira*SP*II*Saco 50 kg*EUR/kg;Alfarroba; Algarve;Algarve;19;04-05-2026;0.43;0.47;0.45
Alfarroba*Triturado Grosso*SP*II*Saco 50 kg*EUR/kg;Alfarroba; Algarve;Algarve;19;04-05-2026;0.26;0.29;0.27
Alfarroba*Inteira*SP*II*Saco 50 kg*EUR/kg;Alfarroba; Algarve;Algarve;20;11-05-2026;0.43;0.47;0.45
Alfarroba*Triturado Grosso*SP*II*Saco 50 kg*EUR/kg;Alfarroba; Algarve;Algarve;20;11-05-2026;0.26;0.29;0.27
Alfarroba*Graínha*SP*I*Saco 50 kg*EUR/kg;Alfarroba; Algarve;Algarve;25;15-06-2026;2.5;3.0;2.6
Alfarroba*Graínha*SP*I*Saco 50 kg*EUR/kg;Alfarroba; Algarve;Algarve;21;18-05-2026;2.5;3.0;2.6
Alfarroba*Inteira*SP*II*Saco 50 kg*EUR/kg;Alfarroba; Algarve;Algarve;21;18-05-2026;0.43;0.47;0.45
Alfarroba*Triturado Grosso*SP*II*Saco 50 kg*EUR/kg;Alfarroba; Algarve;Algarve;21;18-05-2026;0.26;0.29;0.27
Alfarroba*Graínha*SP*I*Saco 50 kg*EUR/kg;Alfarroba; Algarve;Algarve;22;25-05-2026;2.5;3.0;2.6
Alfarroba*Inteira*SP*II*Saco 50 kg*EUR/kg;Alfarroba; Algarve;Algarve;22;25-05-2026;0.43;0.48;0.45
Alfarroba*Triturado Grosso*SP*II*Saco 50 kg*EUR/kg;Alfarroba; Algarve;Algarve;22;25-05-2026;0.26;0.29;0.27
Alfarroba*Graínha*SP*I*Saco 50 kg*EUR/kg;Alfarroba; Algarve;Algarve;23;01-06-2026;2.5;3.0;2.6
Alfarroba*Inteira*SP*II*Saco 50 kg*EUR/kg;Alfarroba; Algarve;Algarve;23;01-06-2026;0.43;0.48;0.45
Alfarroba*Triturado Grosso*SP*II*Saco 50 kg*EUR/kg;Alfarroba; Algarve;Algarve;23;01-06-2026;0.26;0.29;0.27
Alfarroba*Graínha*SP*I*Saco 50 kg*EUR/kg;Alfarroba; Algarve;Algarve;24;08-06-2026;2.5;3.0;2.6
Alfarroba*Inteira*SP*II*Saco 50 kg*EUR/kg;Alfarroba; Algarve;Algarve;24;08-06-2026;0.43;0.48;0.45
Alfarroba*Triturado Grosso*SP*II*Saco 50 kg*EUR/kg;Alfarroba; Algarve;Algarve;24;08-06-2026;0.26;0.29;0.27
Alfarroba*Inteira*SP*II*Saco 50 kg*EUR/kg;Alfarroba; Algarve;Algarve;25;15-06-2026;0.43;0.48;0.45
Alfarroba*Triturado Grosso*SP*II*Saco 50 kg*EUR/kg;Alfarroba; Algarve;Algarve;25;15-06-2026;0.26;0.29;0.27
Alfarroba*Triturado Grosso*SP*II*Saco 50 kg*EUR/kg;Alfarroba; Algarve;Algarve;25;19-06-2017;0.14;0.16;0.15
Alfarroba*Graínha*SP*I*Saco 50 kg*EUR/kg;Alfarroba; Algarve;Algarve;26;22-06-2026;2.5;3.0;2.6
Alfarroba*Inteira*SP*II*Saco 50 kg*EUR/kg;Alfarroba; Algarve;Algarve;26;22-06-2026;0.43;0.48;0.45
Alfarroba*Triturado Grosso*SP*II*Saco 50 kg*EUR/kg;Alfarroba; Algarve;Algarve;26;22-06-2026;0.26;0.29;0.27
Alfarroba*Graínha*SP*I*Saco 50 kg*EUR/kg;Alfarroba; Algarve;Algarve;27;29-06-2026;2.5;3.0;2.6
Alfarroba*Inteira*SP*II*Saco 50 kg*EUR/kg;Alfarroba; Algarve;Algarve;27;29-06-2026;0.43;0.48;0.45
Alfarroba*Triturado Grosso*SP*II*Saco 50 kg*EUR/kg;Alfarroba; Algarve;Algarve;27;29-06-2026;0.26;0.29;0.27
Alfarroba*Graínha*SP*I*Saco 50 kg*EUR/kg;Alfarroba; Algarve;Algarve;29;13-07-2026;2.6;3.1;2.7
Alfarroba*Inteira*SP*II*Saco 50 kg*EUR/kg;Alfarroba; Algarve;Algarve;29;13-07-2026;0.45;0.5;0.47
Alfarroba*Triturado Grosso*SP*II*Saco 50 kg*EUR/kg;Alfarroba; Algarve;Algarve;29;13-07-2026;0.26;0.28;0.27
Alfarroba*Triturado Grosso*SP*II*Saco 50 kg*EUR/kg;Alfarroba; Algarve;Algarve;1;03-01-2011;0.11;0.14;0.12
Alfarroba*Graínha*SP*I*Saco 50 kg*EUR/kg;Alfarroba; Algarve;Algarve;2;10-01-2011;1.65;1.8;1.75
Alfarroba*Inteira*SP*II*Saco 50 kg*EUR/kg;Alfarroba; Algarve;Algarve;2;10-01-2011;0.26;0.29;0.27
Alfarroba*Triturado Grosso*SP*II*Saco 50 kg*EUR/kg;Alfarroba; Algarve;Algarve;2;10-01-2011;0.11;0.14;0.12
Alfarroba*Triturado Grosso*SP*II*Saco 50 kg*EUR/kg;Alfarroba; Algarve;Algarve;4;24-01-2011;0.12;0.15;0.13
Alfarroba*Graínha*SP*I*Saco 50 kg*EUR/kg;Alfarroba; Algarve;Algarve;5;31-01-2011;1.65;1.8;1.75
Alfarroba*Inteira*SP*II*Saco 50 kg*EUR/kg;Alfarroba; Algarve;Algarve;5;31-01-2011;0.28;0.31;0.3
Alfarroba*Triturado Grosso*SP*II*Saco 50 kg*EUR/kg;Alfarroba; Algarve;Algarve;5;31-01-2011;0.14;0.17;0.16
Alfarroba*Graínha*SP*I*Saco 50 kg*EUR/kg;Alfarroba; Algarve;Algarve;6;07-02-2011;1.65;1.8;1.75
Alfarroba*Inteira*SP*II*Saco 50 kg*EUR/kg;Alfarroba; Algarve;Algarve;6;07-02-2011;0.28;0.31;0.3
Alfarroba*Triturado Grosso*SP*II*Saco 50 kg*EUR/kg;Alfarroba; Algarve;Algarve;6;07-02-2011;0.14;0.17;0.16
Alfarroba*Graínha*SP*I*Saco 50 kg*EUR/kg;Alfarroba; Algarve;Algarve;7;14-02-2011;1.65;1.8;1.75
Alfarroba*Inteira*SP*II*Saco 50 kg*EUR/kg;Alfarroba; Algarve;Algarve;7;14-02-2011;0.28;0.31;0.3
Alfarroba*Triturado Grosso*SP*II*Saco 50 kg*EUR/kg;Alfarroba; Algarve;Algarve;7;14-02-2011;0.14;0.17;0.16
Alfarroba*Graínha*SP*I*Saco 50 kg*EUR/kg;Alfarroba; Algarve;Algarve;8;21-02-2011;1.65;1.8;1.75
Alfarroba*Inteira*SP*II*Saco 50 kg*EUR/kg;Alfarroba; Algarve;Algarve;8;21-02-2011;0.28;0.31;0.3
Alfarroba*Graínha*SP*I*Saco 50 kg*EUR/kg;Alfarroba; Algarve;Algarve;10;07-03-2011;1.65;1.8;1.7
Alfarroba*Inteira*SP*II*Saco 50 kg*EUR/kg;Alfarroba; Algarve;Algarve;10;07-03-2011;0.3;0.32;0.31
Alfarroba*Triturado Grosso*SP*II*Saco 50 kg*EUR/kg;Alfarroba; Algarve;Algarve;10;07-03-2011;0.14;0.16;0.15
Alfarroba*Graínha*SP*I*Saco 50 kg*EUR/kg;Alfarroba; Algarve;Algarve;11;14-03-2011;1.65;1.8;1.7
Alfarroba*Inteira*SP*II*Saco 50 kg*EUR/kg;Alfarroba; Algarve;Algarve;11;14-03-2011;0.3;0.32;0.31
Alfarroba*Triturado Grosso*SP*II*Saco 50 kg*EUR/kg;Alfarroba; Algarve;Algarve;13;28-03-2011;0.14;0.15;0.14
Alfarroba*Graínha*SP*I*Saco 50 kg*EUR/kg;Alfarroba; Algarve;Algarve;14;04-04-2011;1.65;1.8;1.7
Alfarroba*Inteira*SP*II*Saco 50 kg*EUR/kg;Alfarroba; Algarve;Algarve;14;04-04-2011;0.3;0.31;0.3
Alfarroba*Triturado Grosso*SP*II*Saco 50 kg*EUR/kg;Alfarroba; Algarve;Algarve;16;18-04-2011;0.14;0.15;0.14
Alfarroba*Graínha*SP*I*Saco 50 kg*EUR/kg;Alfarroba; Algarve;Algarve;17;25-04-2011;1.65;1.8;1.7
Alfarroba*Inteira*SP*II*Saco 50 kg*EUR/kg;Alfarroba; Algarve;Algarve;17;25-04-2011;0.3;0.31;0.3
Alfarroba*Triturado Grosso*SP*II*Saco 50 kg*EUR/kg;Alfarroba; Algarve;Algarve;17;25-04-2011;0.14;0.15;0.14
Alfarroba*Graínha*SP*I*Saco 50 kg*EUR/kg;Alfarroba; Algarve;Algarve;18;02-05-2011;1.65;1.8;1.7
Alfarroba*Inteira*SP*II*Saco 50 kg*EUR/kg;Alfarroba; Algarve;Algarve;18;02-05-2011;0.3;0.31;0.3
Alfarroba*Triturado Grosso*SP*II*Saco 50 kg*EUR/kg;Alfarroba; Algarve;Algarve;18;02-05-2011;0.14;0.15;0.14
Alfarroba*Graínha*SP*I*Saco 50 kg*EUR/kg;Alfarroba; Algarve;Algarve;19;09-05-2011;1.65;1.8;1.7
Alfarroba*Inteira*SP*II*Saco 50 kg*EUR/kg;Alfarroba; Algarve;Algarve;19;09-05-2011;0.3;0.31;0.3
Alfarroba*Triturado Grosso*SP*II*Saco 50 kg*EUR/kg;Alfarroba; Algarve;Algarve;19;09-05-2011;0.14;0.15;0.14
Alfarroba*Graínha*SP*I*Saco 50 kg*EUR/kg;Alfarroba; Algarve;Algarve;20;16-05-2011;1.65;1.8;1.7
Alfarroba*Inteira*SP*II*Saco 50 kg*EUR/kg;Alfarroba; Algarve;Algarve;20;16-05-2011;0.3;0.31;0.3
Alfarroba*Triturado Grosso*SP*II*Saco 50 kg*EUR/kg;Alfarroba; Algarve;Algarve;21;23-05-2011;0.13;0.15;0.14
Alfarroba*Graínha*SP*I*Saco 50 kg*EUR/kg;Alfarroba; Algarve;Algarve;22;30-05-2011;1.65;1.8;1.7
Alfarroba*Inteira*SP*II*Saco 50 kg*EUR/kg;Alfarroba; Algarve;Algarve;22;30-05-2011;0.3;0.31;0.3
Alfarroba*Triturado Grosso*SP*II*Saco 50 kg*EUR/kg;Alfarroba; Algarve;Algarve;22;30-05-2011;0.13;0.15;0.14
Alfarroba*Graínha*SP*I*Saco 50 kg*EUR/kg;Alfarroba; Algarve;Algarve;23;06-06-2011;1.6;1.75;1.7
Alfarroba*Inteira*SP*II*Saco 50 kg*EUR/kg;Alfarroba; Algarve;Algarve;23;06-06-2011;0.3;0.31;0.3
Alfarroba*Triturado Grosso*SP*II*Saco 50 kg*EUR/kg;Alfarroba; Algarve;Algarve;23;06-06-2011;0.13;0.15;0.14
Alfarroba*Graínha*SP*I*Saco 50 kg*EUR/kg;Alfarroba; Algarve;Algarve;24;13-06-2011;1.6;1.75;1.7
Alfarroba*Inteira*SP*II*Saco 50 kg*EUR/kg;Alfarroba; Algarve;Algarve;24;13-06-2011;0.3;0.31;0.3
Alfarroba*Triturado Grosso*SP*II*Saco 50 kg*EUR/kg;Alfarroba; Algarve;Algarve;24;13-06-2011;0.13;0.15;0.14
Alfarroba*Triturado Grosso*SP*II*Saco 50 kg*EUR/kg;Alfarroba; Algarve;Algarve;28;11-07-2011;0.12;0.14;0.13
Alfarroba*Graínha*SP*I*Saco 50 kg*EUR/kg;Alfarroba; Algarve;Algarve;29;18-07-2011;1.6;1.75;1.7
Alfarroba*Inteira*SP*II*Saco 50 kg*EUR/kg;Alfarroba; Algarve;Algarve;29;18-07-2011;0.29;0.3;0.3
Alfarroba*Triturado Grosso*SP*II*Saco 50 kg*EUR/kg;Alfarroba; Algarve;Algarve;29;18-07-2011;0.12;0.14;0.13
Alfarroba*Graínha*SP*I*Saco 50 kg*EUR/kg;Alfarroba; Algarve;Algarve;30;25-07-2011;1.6;1.75;1.7
Alfarroba*Inteira*SP*II*Saco 50 kg*EUR/kg;Alfarroba; Algarve;Algarve;30;25-07-2011;0.29;0.3;0.3
Alfarroba*Triturado Grosso*SP*II*Saco 50 kg*EUR/kg;Alfarroba; Algarve;Algarve;33;15-08-2011;0.12;0.14;0.13
Alfarroba*Graínha*SP*I*Saco 50 kg*EUR/kg;Alfarroba; Algarve;Algarve;34;22-08-2011;1.6;1.7;1.65
Alfarroba*Inteira*SP*II*Saco 50 kg*EUR/kg;Alfarroba; Algarve;Algarve;34;22-08-2011;0.25;0.27;0.26
Alfarroba*Triturado Grosso*SP*II*Saco 50 kg*EUR/kg;Alfarroba; Algarve;Algarve;34;22-08-2011;0.13;0.15;0.14
Alfarroba*Triturado Grosso*SP*II*Saco 50 kg*EUR/kg;Alfarroba; Algarve;Algarve;38;19-09-2011;0.11;0.14;0.13
Alfarroba*Graínha*SP*I*Saco 50 kg*EUR/kg;Alfarroba; Algarve;Algarve;39;26-09-2011;1.6;1.7;1.67
Alfarroba*Inteira*SP*II*Saco 50 kg*EUR/kg;Alfarroba; Algarve;Algarve;39;26-09-2011;0.25;0.27;0.26
Alfarroba*Triturado Grosso*SP*II*Saco 50 kg*EUR/kg;Alfarroba; Algarve;Algarve;41;10-10-2011;0.1;0.14;0.13
Alfarroba*Graínha*SP*I*Saco 50 kg*EUR/kg;Alfarroba; Algarve;Algarve;42;17-10-2011;1.6;1.7;1.67
Alfarroba*Inteira*SP*II*Saco 50 kg*EUR/kg;Alfarroba; Algarve;Algarve;42;17-10-2011;0.25;0.27;0.26
Alfarroba*Triturado Grosso*SP*II*Saco 50 kg*EUR/kg;Alfarroba; Algarve;Algarve;45;07-11-2011;0.1;0.14;0.13
Alfarroba*Graínha*SP*I*Saco 50 kg*EUR/kg;Alfarroba; Algarve;Algarve;46;14-11-2011;1.6;1.7;1.67
Alfarroba*Inteira*SP*II*Saco 50 kg*EUR/kg;Alfarroba; Algarve;Algarve;46;14-11-2011;0.25;0.27;0.26
Alfarroba*Triturado Grosso*SP*II*Saco 50 kg*EUR/kg;Alfarroba; Algarve;Algarve;46;14-11-2011;0.1;0.14;0.13
Alfarroba*Graínha*SP*I*Saco 50 kg*EUR/kg;Alfarroba; Algarve;Algarve;47;21-11-2011;1.6;1.7;1.67
Alfarroba*Inteira*SP*II*Saco 50 kg*EUR/kg;Alfarroba; Algarve;Algarve;47;21-11-2011;0.25;0.27;0.26
Alfarroba*Triturado Grosso*SP*II*Saco 50 kg*EUR/kg;Alfarroba; Algarve;Algarve;50;12-12-2011;0.11;0.15;0.14
Alfarroba*Graínha*SP*I*Saco 50 kg*EUR/kg;Alfarroba; Algarve;Algarve;51;19-12-2011;1.6;1.7;1.67
Alfarroba*Inteira*SP*II*Saco 50 kg*EUR/kg;Alfarroba; Algarve;Algarve;51;19-12-2011;0.25;0.27;0.26
Alfarroba*Triturado Grosso*SP*II*Saco 50 kg*EUR/kg;Alfarroba; Algarve;Algarve;51;19-12-2011;0.11;0.15;0.14
Alfarroba*Graínha*SP*I*Saco 50 kg*EUR/kg;Alfarroba; Algarve;Algarve;52;26-12-2011;1.6;1.7;1.67
Alfarroba*Inteira*SP*II*Saco 50 kg*EUR/kg;Alfarroba; Algarve;Algarve;52;26-12-2011;0.25;0.27;0.26
Alfarroba*Triturado Grosso*SP*II*Saco 50 kg*EUR/kg;Alfarroba; Algarve;Algarve;4;23-01-2012;0.13;0.16;0.15
Alfarroba*Graínha*SP*I*Saco 50 kg*EUR/kg;Alfarroba; Algarve;Algarve;5;30-01-2012;1.6;1.7;1.67
Alfarroba*Inteira*SP*II*Saco 50 kg*EUR/kg;Alfarroba; Algarve;Algarve;5;30-01-2012;0.25;0.28;0.26
Alfarroba*Triturado Grosso*SP*II*Saco 50 kg*EUR/kg;Alfarroba; Algarve;Algarve;5;30-01-2012;0.13;0.16;0.15
Alfarroba*Graínha*SP*I*Saco 50 kg*EUR/kg;Alfarroba; Algarve;Algarve;6;06-02-2012;1.6;1.7;1.67
Alfarroba*Inteira*SP*II*Saco 50 kg*EUR/kg;Alfarroba; Algarve;Algarve;6;06-02-2012;0.26;0.28;0.27
Alfarroba*Triturado Grosso*SP*II*Saco 50 kg*EUR/kg;Alfarroba; Algarve;Algarve;6;06-02-2012;0.15;0.18;0.17
Alfarroba*Graínha*SP*I*Saco 50 kg*EUR/kg;Alfarroba; Algarve;Algarve;7;13-02-2012;1.6;1.7;1.67
Alfarroba*Inteira*SP*II*Saco 50 kg*EUR/kg;Alfarroba; Algarve;Algarve;7;13-02-2012;0.26;0.28;0.27
Alfarroba*Triturado Grosso*SP*II*Saco 50 kg*EUR/kg;Alfarroba; Algarve;Algarve;9;27-02-2012;0.17;0.2;0.19
Alfarroba*Graínha*SP*I*Saco 50 kg*EUR/kg;Alfarroba; Algarve;Algarve;10;05-03-2012;1.6;1.7;1.67
Alfarroba*Inteira*SP*II*Saco 50 kg*EUR/kg;Alfarroba; Algarve;Algarve;10;05-03-2012;0.29;0.32;0.3
Alfarroba*Triturado Grosso*SP*II*Saco 50 kg*EUR/kg;Alfarroba; Algarve;Algarve;10;05-03-2012;0.17;0.2;0.19
Alfarroba*Graínha*SP*I*Saco 50 kg*EUR/kg;Alfarroba; Algarve;Algarve;11;12-03-2012;1.6;1.7;1.67
Alfarroba*Inteira*SP*II*Saco 50 kg*EUR/kg;Alfarroba; Algarve;Algarve;11;12-03-2012;0.29;0.32;0.3
Alfarroba*Triturado Grosso*SP*II*Saco 50 kg*EUR/kg;Alfarroba; Algarve;Algarve;11;12-03-2012;0.17;0.2;0.19
Alfarroba*Graínha*SP*I*Saco 50 kg*EUR/kg;Alfarroba; Algarve;Algarve;12;19-03-2012;1.6;1.7;1.67
Alfarroba*Inteira*SP*II*Saco 50 kg*EUR/kg;Alfarroba; Algarve;Algarve;12;19-03-2012;0.29;0.32;0.3
Alfarroba*Triturado Grosso*SP*II*Saco 50 kg*EUR/kg;Alfarroba; Algarve;Algarve;14;02-04-2012;0.17;0.2;0.19
Alfarroba*Graínha*SP*I*Saco 50 kg*EUR/kg;Alfarroba; Algarve;Algarve;15;09-04-2012;1.6;1.7;1.67
Alfarroba*Inteira*SP*II*Saco 50 kg*EUR/kg;Alfarroba; Algarve;Algarve;15;09-04-2012;0.3;0.33;0.32
Alfarroba*Triturado Grosso*SP*II*Saco 50 kg*EUR/kg;Alfarroba; Algarve;Algarve;17;23-04-2012;0.17;0.2;0.19
Alfarroba*Graínha*SP*I*Saco 50 kg*EUR/kg;Alfarroba; Algarve;Algarve;18;30-04-2012;1.6;1.7;1.67
Alfarroba*Inteira*SP*II*Saco 50 kg*EUR/kg;Alfarroba; Algarve;Algarve;18;30-04-2012;0.3;0.33;0.32
Alfarroba*Triturado Grosso*SP*II*Saco 50 kg*EUR/kg;Alfarroba; Algarve;Algarve;18;30-04-2012;0.17;0.2;0.19
Alfarroba*Graínha*SP*I*Saco 50 kg*EUR/kg;Alfarroba; Algarve;Algarve;19;07-05-2012;1.6;1.7;1.67
Alfarroba*Inteira*SP*II*Saco 50 kg*EUR/kg;Alfarroba; Algarve;Algarve;19;07-05-2012;0.3;0.34;0.33
Alfarroba*Triturado Grosso*SP*II*Saco 50 kg*EUR/kg;Alfarroba; Algarve;Algarve;20;14-05-2012;0.17;0.2;0.19
Alfarroba*Graínha*SP*I*Saco 50 kg*EUR/kg;Alfarroba; Algarve;Algarve;21;21-05-2012;1.6;1.7;1.67
Alfarroba*Inteira*SP*II*Saco 50 kg*EUR/kg;Alfarroba; Algarve;Algarve;21;21-05-2012;0.3;0.34;0.33
Alfarroba*Triturado Grosso*SP*II*Saco 50 kg*EUR/kg;Alfarroba; Algarve;Algarve;21;21-05-2012;0.17;0.2;0.19
Alfarroba*Graínha*SP*I*Saco 50 kg*EUR/kg;Alfarroba; Algarve;Algarve;22;28-05-2012;1.6;1.7;1.67
Alfarroba*Inteira*SP*II*Saco 50 kg*EUR/kg;Alfarroba; Algarve;Algarve;22;28-05-2012;0.3;0.34;0.33
Alfarroba*Triturado Grosso*SP*II*Saco 50 kg*EUR/kg;Alfarroba; Algarve;Algarve;23;04-06-2012;0.17;0.2;0.19
Alfarroba*Graínha*SP*I*Saco 50 kg*EUR/kg;Alfarroba; Algarve;Algarve;24;11-06-2012;1.6;1.7;1.67
Alfarroba*Inteira*SP*II*Saco 50 kg*EUR/kg;Alfarroba; Algarve;Algarve;24;11-06-2012;0.3;0.34;0.33
Alfarroba*Triturado Grosso*SP*II*Saco 50 kg*EUR/kg;Alfarroba; Algarve;Algarve;24;11-06-2012;0.17;0.2;0.19
Alfarroba*Graínha*SP*I*Saco 50 kg*EUR/kg;Alfarroba; Algarve;Algarve;25;18-06-2012;1.6;1.7;1.67
Alfarroba*Inteira*SP*II*Saco 50 kg*EUR/kg;Alfarroba; Algarve;Algarve;25;18-06-2012;0.3;0.34;0.33
Alfarroba*Triturado Grosso*SP*II*Saco 50 kg*EUR/kg;Alfarroba; Algarve;Algarve;26;25-06-2012;0.17;0.2;0.18
Alfarroba*Graínha*SP*I*Saco 50 kg*EUR/kg;Alfarroba; Algarve;Algarve;27;02-07-2012;1.6;1.7;1.67
Alfarroba*Inteira*SP*II*Saco 50 kg*EUR/kg;Alfarroba; Algarve;Algarve;27;02-07-2012;0.3;0.33;0.3
Alfarroba*Triturado Grosso*SP*II*Saco 50 kg*EUR/kg;Alfarroba; Algarve;Algarve;27;02-07-2012;0.17;0.2;0.18
Alfarroba*Graínha*SP*I*Saco 50 kg*EUR/kg;Alfarroba; Algarve;Algarve;28;09-07-2012;1.6;1.7;1.67
Alfarroba*Inteira*SP*II*Saco 50 kg*EUR/kg;Alfarroba; Algarve;Algarve;28;09-07-2012;0.3;0.34;0.3
Alfarroba*Triturado Grosso*SP*II*Saco 50 kg*EUR/kg;Alfarroba; Algarve;Algarve;29;16-07-2012;0.17;0.2;0.18
Alfarroba*Graínha*SP*I*Saco 50 kg*EUR/kg;Alfarroba; Algarve;Algarve;30;23-07-2012;1.6;1.7;1.67
Alfarroba*Inteira*SP*II*Saco 50 kg*EUR/kg;Alfarroba; Algarve;Algarve;30;23-07-2012;0.3;0.33;0.3
Alfarroba*Triturado Grosso*SP*II*Saco 50 kg*EUR/kg;Alfarroba; Algarve;Algarve;30;23-07-2012;0.17;0.2;0.18
Alfarroba*Graínha*SP*I*Saco 50 kg*EUR/kg;Alfarroba; Algarve;Algarve;31;30-07-2012;1.6;1.7;1.67
Alfarroba*Inteira*SP*II*Saco 50 kg*EUR/kg;Alfarroba; Algarve;Algarve;31;30-07-2012;0.3;0.33;0.3
Alfarroba*Triturado Grosso*SP*II*Saco 50 kg*EUR/kg;Alfarroba; Algarve;Algarve;32;06-08-2012;0.17;0.2;0.18
Alfarroba*Graínha*SP*I*Saco 50 kg*EUR/kg;Alfarroba; Algarve;Algarve;33;13-08-2012;1.6;1.7;1.67
Alfarroba*Inteira*SP*II*Saco 50 kg*EUR/kg;Alfarroba; Algarve;Algarve;33;13-08-2012;0.28;0.3;0.28
Alfarroba*Triturado Grosso*SP*II*Saco 50 kg*EUR/kg;Alfarroba; Algarve;Algarve;33;13-08-2012;0.17;0.19;0.18
Alfarroba*Graínha*SP*I*Saco 50 kg*EUR/kg;Alfarroba; Algarve;Algarve;34;20-08-2012;1.6;1.7;1.67
Alfarroba*Inteira*SP*II*Saco 50 kg*EUR/kg;Alfarroba; Algarve;Algarve;34;20-08-2012;0.28;0.3;0.28
Alfarroba*Triturado Grosso*SP*II*Saco 50 kg*EUR/kg;Alfarroba; Algarve;Algarve;34;20-08-2012;0.17;0.2;0.18
Alfarroba*Graínha*SP*I*Saco 50 kg*EUR/kg;Alfarroba; Algarve;Algarve;35;27-08-2012;1.6;1.7;1.67
Alfarroba*Inteira*SP*II*Saco 50 kg*EUR/kg;Alfarroba; Algarve;Algarve;35;27-08-2012;0.28;0.3;0.28
Alfarroba*Triturado Grosso*SP*II*Saco 50 kg*EUR/kg;Alfarroba; Algarve;Algarve;35;27-08-2012;0.17;0.2;0.18
Alfarroba*Graínha*SP*I*Saco 50 kg*EUR/kg;Alfarroba; Algarve;Algarve;36;03-09-2012;1.6;1.7;1.67
Alfarroba*Inteira*SP*II*Saco 50 kg*EUR/kg;Alfarroba; Algarve;Algarve;36;03-09-2012;0.28;0.3;0.28
Alfarroba*Graínha*SP*I*Saco 50 kg*EUR/kg;Alfarroba; Algarve;Algarve;38;17-09-2012;1.6;1.7;1.67
Alfarroba*Inteira*SP*II*Saco 50 kg*EUR/kg;Alfarroba; Algarve;Algarve;38;17-09-2012;0.28;0.3;0.28
Alfarroba*Triturado Grosso*SP*II*Saco 50 kg*EUR/kg;Alfarroba; Algarve;Algarve;38;17-09-2012;0.18;0.22;0.19
Alfarroba*Graínha*SP*I*Saco 50 kg*EUR/kg;Alfarroba; Algarve;Algarve;39;24-09-2012;1.6;1.7;1.67
Alfarroba*Inteira*SP*II*Saco 50 kg*EUR/kg;Alfarroba; Algarve;Algarve;39;24-09-2012;0.28;0.3;0.28
Alfarroba*Triturado Grosso*SP*II*Saco 50 kg*EUR/kg;Alfarroba; Algarve;Algarve;41;08-10-2012;0.18;0.23;0.19
Alfarroba*Graínha*SP*I*Saco 50 kg*EUR/kg;Alfarroba; Algarve;Algarve;42;15-10-2012;1.6;1.7;1.67
Alfarroba*Inteira*SP*II*Saco 50 kg*EUR/kg;Alfarroba; Algarve;Algarve;42;15-10-2012;0.3;0.32;0.31
Alfarroba*Triturado Grosso*SP*II*Saco 50 kg*EUR/kg;Alfarroba; Algarve;Algarve;42;15-10-2012;0.18;0.23;0.19
Alfarroba*Graínha*SP*I*Saco 50 kg*EUR/kg;Alfarroba; Algarve;Algarve;43;22-10-2012;1.6;1.7;1.67
Alfarroba*Inteira*SP*II*Saco 50 kg*EUR/kg;Alfarroba; Algarve;Algarve;43;22-10-2012;0.3;0.32;0.31
Alfarroba*Triturado Grosso*SP*II*Saco 50 kg*EUR/kg;Alfarroba; Algarve;Algarve;43;22-10-2012;0.18;0.23;0.19
Alfarroba*Graínha*SP*I*Saco 50 kg*EUR/kg;Alfarroba; Algarve;Algarve;44;29-10-2012;1.6;1.7;1.67
Alfarroba*Inteira*SP*II*Saco 50 kg*EUR/kg;Alfarroba; Algarve;Algarve;44;29-10-2012;0.3;0.33;0.32
Alfarroba*Triturado Grosso*SP*II*Saco 50 kg*EUR/kg;Alfarroba; Algarve;Algarve;44;29-10-2012;0.22;0.25;0.24
Alfarroba*Graínha*SP*I*Saco 50 kg*EUR/kg;Alfarroba; Algarve;Algarve;45;05-11-2012;1.6;1.7;1.67
Alfarroba*Inteira*SP*II*Saco 50 kg*EUR/kg;Alfarroba; Algarve;Algarve;45;05-11-2012;0.3;0.33;0.32
Alfarroba*Triturado Grosso*SP*II*Saco 50 kg*EUR/kg;Alfarroba; Algarve;Algarve;46;12-11-2012;0.22;0.25;0.24
Alfarroba*Graínha*SP*I*Saco 50 kg*EUR/kg;Alfarroba; Algarve;Algarve;47;19-11-2012;1.6;1.7;1.67
Alfarroba*Inteira*SP*II*Saco 50 kg*EUR/kg;Alfarroba; Algarve;Algarve;47;19-11-2012;0.3;0.33;0.32
Alfarroba*Triturado Grosso*SP*II*Saco 50 kg*EUR/kg;Alfarroba; Algarve;Algarve;47;19-11-2012;0.22;0.25;0.24
Alfarroba*Graínha*SP*I*Saco 50 kg*EUR/kg;Alfarroba; Algarve;Algarve;48;26-11-2012;1.6;1.7;1.67
Alfarroba*Inteira*SP*II*Saco 50 kg*EUR/kg;Alfarroba; Algarve;Algarve;48;26-11-2012;0.32;0.34;0.33
Alfarroba*Triturado Grosso*SP*II*Saco 50 kg*EUR/kg;Alfarroba; Algarve;Algarve;50;10-12-2012;0.22;0.24;0.23
Alfarroba*Graínha*SP*I*Saco 50 kg*EUR/kg;Alfarroba; Algarve;Algarve;51;17-12-2012;1.6;1.7;1.67
Alfarroba*Inteira*SP*II*Saco 50 kg*EUR/kg;Alfarroba; Algarve;Algarve;51;17-12-2012;0.33;0.35;0.34
Alfarroba*Triturado Grosso*SP*II*Saco 50 kg*EUR/kg;Alfarroba; Algarve;Algarve;1;31-12-2012;0.22;0.24;0.23
Alfarroba*Graínha*SP*I*Saco 50 kg*EUR/kg;Alfarroba; Algarve;Algarve;2;07-01-2013;1.6;1.7;1.67
Alfarroba*Inteira*SP*II*Saco 50 kg*EUR/kg;Alfarroba; Algarve;Algarve;2;07-01-2013;0.33;0.34;0.33
Alfarroba*Triturado Grosso*SP*II*Saco 50 kg*EUR/kg;Alfarroba; Algarve;Algarve;2;07-01-2013;0.22;0.24;0.23
Alfarroba*Triturado Grosso*SP*II*Saco 50 kg*EUR/kg;Alfarroba; Algarve;Algarve;4;21-01-2013;0.2;0.24;0.23
Alfarroba*Graínha*SP*I*Saco 50 kg*EUR/kg;Alfarroba; Algarve;Algarve;5;28-01-2013;1.6;1.7;1.67
Alfarroba*Inteira*SP*II*Saco 50 kg*EUR/kg;Alfarroba; Algarve;Algarve;5;28-01-2013;0.33;0.34;0.33
Alfarroba*Triturado Grosso*SP*II*Saco 50 kg*EUR/kg;Alfarroba; Algarve;Algarve;5;28-01-2013;0.21;0.24;0.23
Alfarroba*Graínha*SP*I*Saco 50 kg*EUR/kg;Alfarroba; Algarve;Algarve;6;04-02-2013;1.6;1.7;1.67
Alfarroba*Inteira*SP*II*Saco 50 kg*EUR/kg;Alfarroba; Algarve;Algarve;6;04-02-2013;0.33;0.34;0.33
Alfarroba*Triturado Grosso*SP*II*Saco 50 kg*EUR/kg;Alfarroba; Algarve;Algarve;6;04-02-2013;0.21;0.24;0.23
Alfarroba*Graínha*SP*I*Saco 50 kg*EUR/kg;Alfarroba; Algarve;Algarve;7;11-02-2013;1.6;1.7;1.67
Alfarroba*Inteira*SP*II*Saco 50 kg*EUR/kg;Alfarroba; Algarve;Algarve;7;11-02-2013;0.33;0.34;0.33
Alfarroba*Triturado Grosso*SP*II*Saco 50 kg*EUR/kg;Alfarroba; Algarve;Algarve;7;11-02-2013;0.22;0.25;0.23
Alfarroba*Graínha*SP*I*Saco 50 kg*EUR/kg;Alfarroba; Algarve;Algarve;8;18-02-2013;1.6;1.7;1.67
Alfarroba*Inteira*SP*II*Saco 50 kg*EUR/kg;Alfarroba; Algarve;Algarve;8;18-02-2013;0.33;0.34;0.33
Alfarroba*Triturado Grosso*SP*II*Saco 50 kg*EUR/kg;Alfarroba; Algarve;Algarve;10;04-03-2013;0.21;0.24;0.23
Alfarroba*Graínha*SP*I*Saco 50 kg*EUR/kg;Alfarroba; Algarve;Algarve;11;11-03-2013;1.6;1.75;1.67
Alfarroba*Inteira*SP*II*Saco 50 kg*EUR/kg;Alfarroba; Algarve;Algarve;11;11-03-2013;0.33;0.36;0.34
Alfarroba*Triturado Grosso*SP*II*Saco 50 kg*EUR/kg;Alfarroba; Algarve;Algarve;11;11-03-2013;0.21;0.25;0.23
Alfarroba*Graínha*SP*I*Saco 50 kg*EUR/kg;Alfarroba; Algarve;Algarve;12;18-03-2013;1.6;1.75;1.67
Alfarroba*Inteira*SP*II*Saco 50 kg*EUR/kg;Alfarroba; Algarve;Algarve;12;18-03-2013;0.33;0.36;0.34
Alfarroba*Triturado Grosso*SP*II*Saco 50 kg*EUR/kg;Alfarroba; Algarve;Algarve;14;01-04-2013;0.21;0.24;0.23
Alfarroba*Graínha*SP*I*Saco 50 kg*EUR/kg;Alfarroba; Algarve;Algarve;15;08-04-2013;1.6;1.75;1.67
Alfarroba*Inteira*SP*II*Saco 50 kg*EUR/kg;Alfarroba; Algarve;Algarve;15;08-04-2013;0.33;0.36;0.34
Alfarroba*Triturado Grosso*SP*II*Saco 50 kg*EUR/kg;Alfarroba; Algarve;Algarve;15;08-04-2013;0.21;0.24;0.22
Alfarroba*Graínha*SP*I*Saco 50 kg*EUR/kg;Alfarroba; Algarve;Algarve;16;15-04-2013;1.6;1.75;1.67
Alfarroba*Inteira*SP*II*Saco 50 kg*EUR/kg;Alfarroba; Algarve;Algarve;16;15-04-2013;0.33;0.36;0.34
Alfarroba*Triturado Grosso*SP*II*Saco 50 kg*EUR/kg;Alfarroba; Algarve;Algarve;16;15-04-2013;0.21;0.24;0.22
Alfarroba*Graínha*SP*I*Saco 50 kg*EUR/kg;Alfarroba; Algarve;Algarve;17;22-04-2013;1.6;1.8;1.67
Alfarroba*Inteira*SP*II*Saco 50 kg*EUR/kg;Alfarroba; Algarve;Algarve;17;22-04-2013;0.33;0.35;0.34
Alfarroba*Triturado Grosso*SP*II*Saco 50 kg*EUR/kg;Alfarroba; Algarve;Algarve;17;22-04-2013;0.2;0.22;0.21
Alfarroba*Graínha*SP*I*Saco 50 kg*EUR/kg;Alfarroba; Algarve;Algarve;18;29-04-2013;1.6;1.8;1.67
Alfarroba*Inteira*SP*II*Saco 50 kg*EUR/kg;Alfarroba; Algarve;Algarve;18;29-04-2013;0.33;0.35;0.34
Alfarroba*Graínha*SP*I*Saco 50 kg*EUR/kg;Alfarroba; Algarve;Algarve;20;13-05-2013;1.6;1.8;1.67
Alfarroba*Inteira*SP*II*Saco 50 kg*EUR/kg;Alfarroba; Algarve;Algarve;20;13-05-2013;0.33;0.35;0.34
Alfarroba*Triturado Grosso*SP*II*Saco 50 kg*EUR/kg;Alfarroba; Algarve;Algarve;20;13-05-2013;0.2;0.23;0.21
Alfarroba*Graínha*SP*I*Saco 50 kg*EUR/kg;Alfarroba; Algarve;Algarve;21;20-05-2013;1.6;1.8;1.67
Alfarroba*Inteira*SP*II*Saco 50 kg*EUR/kg;Alfarroba; Algarve;Algarve;21;20-05-2013;0.33;0.34;0.34
Alfarroba*Triturado Grosso*SP*II*Saco 50 kg*EUR/kg;Alfarroba; Algarve;Algarve;21;20-05-2013;0.2;0.23;0.22
Alfarroba*Graínha*SP*I*Saco 50 kg*EUR/kg;Alfarroba; Algarve;Algarve;22;27-05-2013;1.6;1.8;1.67
Alfarroba*Inteira*SP*II*Saco 50 kg*EUR/kg;Alfarroba; Algarve;Algarve;22;27-05-2013;0.33;0.34;0.34
Alfarroba*Triturado Grosso*SP*II*Saco 50 kg*EUR/kg;Alfarroba; Algarve;Algarve;22;27-05-2013;0.2;0.23;0.22
Alfarroba*Graínha*SP*I*Saco 50 kg*EUR/kg;Alfarroba; Algarve;Algarve;23;03-06-2013;1.6;1.8;1.67
Alfarroba*Inteira*SP*II*Saco 50 kg*EUR/kg;Alfarroba; Algarve;Algarve;23;03-06-2013;0.33;0.34;0.34
Alfarroba*Triturado Grosso*SP*II*Saco 50 kg*EUR/kg;Alfarroba; Algarve;Algarve;23;03-06-2013;0.19;0.24;0.23
Alfarroba*Graínha*SP*I*Saco 50 kg*EUR/kg;Alfarroba; Algarve;Algarve;24;10-06-2013;1.6;1.8;1.67
Alfarroba*Inteira*SP*II*Saco 50 kg*EUR/kg;Alfarroba; Algarve;Algarve;24;10-06-2013;0.33;0.34;0.34
Alfarroba*Triturado Grosso*SP*II*Saco 50 kg*EUR/kg;Alfarroba; Algarve;Algarve;26;24-06-2013;0.19;0.23;0.2
Alfarroba*Graínha*SP*I*Saco 50 kg*EUR/kg;Alfarroba; Algarve;Algarve;27;01-07-2013;1.6;1.8;1.67
Alfarroba*Inteira*SP*II*Saco 50 kg*EUR/kg;Alfarroba; Algarve;Algarve;27;01-07-2013;0.3;0.33;0.33
Alfarroba*Triturado Grosso*SP*II*Saco 50 kg*EUR/kg;Alfarroba; Algarve;Algarve;27;01-07-2013;0.18;0.21;0.2
Alfarroba*Graínha*SP*I*Saco 50 kg*EUR/kg;Alfarroba; Algarve;Algarve;28;08-07-2013;1.6;1.8;1.67
Alfarroba*Inteira*SP*II*Saco 50 kg*EUR/kg;Alfarroba; Algarve;Algarve;28;08-07-2013;0.3;0.33;0.33
Alfarroba*Triturado Grosso*SP*II*Saco 50 kg*EUR/kg;Alfarroba; Algarve;Algarve;28;08-07-2013;0.18;0.21;0.19
Alfarroba*Graínha*SP*I*Saco 50 kg*EUR/kg;Alfarroba; Algarve;Algarve;29;15-07-2013;1.6;1.8;1.67
Alfarroba*Inteira*SP*II*Saco 50 kg*EUR/kg;Alfarroba; Algarve;Algarve;29;15-07-2013;0.3;0.33;0.33
Alfarroba*Triturado Grosso*SP*II*Saco 50 kg*EUR/kg;Alfarroba; Algarve;Algarve;32;05-08-2013;0.18;0.22;0.2
Alfarroba*Graínha*SP*I*Saco 50 kg*EUR/kg;Alfarroba; Algarve;Algarve;33;12-08-2013;1.6;1.8;1.67
Alfarroba*Inteira*SP*II*Saco 50 kg*EUR/kg;Alfarroba; Algarve;Algarve;33;12-08-2013;0.28;0.33;0.3
Alfarroba*Triturado Grosso*SP*II*Saco 50 kg*EUR/kg;Alfarroba; Algarve;Algarve;33;12-08-2013;0.18;0.22;0.19
Alfarroba*Triturado Grosso*SP*II*Saco 50 kg*EUR/kg;Alfarroba; Algarve;Algarve;37;09-09-2013;0.18;0.2;0.19
Alfarroba*Graínha*SP*I*Saco 50 kg*EUR/kg;Alfarroba; Algarve;Algarve;38;16-09-2013;1.9;1.9;1.9
Alfarroba*Inteira*SP*II*Saco 50 kg*EUR/kg;Alfarroba; Algarve;Algarve;38;16-09-2013;0.3;0.33;0.31
Alfarroba*Triturado Grosso*SP*II*Saco 50 kg*EUR/kg;Alfarroba; Algarve;Algarve;40;30-09-2013;0.17;0.2;0.19
Alfarroba*Graínha*SP*I*Saco 50 kg*EUR/kg;Alfarroba; Algarve;Algarve;41;07-10-2013;1.8;1.85;1.8
Alfarroba*Inteira*SP*II*Saco 50 kg*EUR/kg;Alfarroba; Algarve;Algarve;41;07-10-2013;0.3;0.33;0.32
Alfarroba*Triturado Grosso*SP*II*Saco 50 kg*EUR/kg;Alfarroba; Algarve;Algarve;43;21-10-2013;0.18;0.2;0.19
Alfarroba*Graínha*SP*I*Saco 50 kg*EUR/kg;Alfarroba; Algarve;Algarve;44;28-10-2013;1.8;1.95;1.8
Alfarroba*Inteira*SP*II*Saco 50 kg*EUR/kg;Alfarroba; Algarve;Algarve;44;28-10-2013;0.3;0.33;0.32
Alfarroba*Triturado Grosso*SP*II*Saco 50 kg*EUR/kg;Alfarroba; Algarve;Algarve;44;28-10-2013;0.18;0.2;0.19
Alfarroba*Triturado Grosso*SP*II*Saco 50 kg*EUR/kg;Alfarroba; Algarve;Algarve;46;11-11-2013;0.18;0.2;0.19
Alfarroba*Graínha*SP*I*Saco 50 kg*EUR/kg;Alfarroba; Algarve;Algarve;47;18-11-2013;1.8;1.95;1.8
Alfarroba*Inteira*SP*II*Saco 50 kg*EUR/kg;Alfarroba; Algarve;Algarve;47;18-11-2013;0.3;0.33;0.32
Alfarroba*Triturado Grosso*SP*II*Saco 50 kg*EUR/kg;Alfarroba; Algarve;Algarve;47;18-11-2013;0.19;0.22;0.2
Alfarroba*Graínha*SP*I*Saco 50 kg*EUR/kg;Alfarroba; Algarve;Algarve;48;25-11-2013;1.8;1.95;1.8
Alfarroba*Inteira*SP*II*Saco 50 kg*EUR/kg;Alfarroba; Algarve;Algarve;48;25-11-2013;0.3;0.33;0.32
Alfarroba*Triturado Grosso*SP*II*Saco 50 kg*EUR/kg;Alfarroba; Algarve;Algarve;50;09-12-2013;0.18;0.22;0.2
Alfarroba*Graínha*SP*I*Saco 50 kg*EUR/kg;Alfarroba; Algarve;Algarve;51;16-12-2013;1.8;2.0;1.8
Alfarroba*Inteira*SP*II*Saco 50 kg*EUR/kg;Alfarroba; Algarve;Algarve;51;16-12-2013;0.3;0.35;0.33
Alfarroba*Triturado Grosso*SP*II*Saco 50 kg*EUR/kg;Alfarroba; Algarve;Algarve;1;30-12-2013;0.18;0.22;0.2
Alfarroba*Graínha*SP*I*Saco 50 kg*EUR/kg;Alfarroba; Algarve;Algarve;2;06-01-2014;1.8;2.0;1.8
Alfarroba*Inteira*SP*II*Saco 50 kg*EUR/kg;Alfarroba; Algarve;Algarve;2;06-01-2014;0.3;0.35;0.33
Alfarroba*Triturado Grosso*SP*II*Saco 50 kg*EUR/kg;Alfarroba; Algarve;Algarve;2;06-01-2014;0.18;0.22;0.2
Alfarroba*Graínha*SP*I*Saco 50 kg*EUR/kg;Alfarroba; Algarve;Algarve;3;13-01-2014;1.8;2.0;1.8
Alfarroba*Inteira*SP*II*Saco 50 kg*EUR/kg;Alfarroba; Algarve;Algarve;3;13-01-2014;0.3;0.36;0.35
Alfarroba*Triturado Grosso*SP*II*Saco 50 kg*EUR/kg;Alfarroba; Algarve;Algarve;4;20-01-2014;0.18;0.23;0.2
Alfarroba*Graínha*SP*I*Saco 50 kg*EUR/kg;Alfarroba; Algarve;Algarve;5;27-01-2014;1.8;2.0;1.8
Alfarroba*Inteira*SP*II*Saco 50 kg*EUR/kg;Alfarroba; Algarve;Algarve;5;27-01-2014;0.3;0.35;0.34
Alfarroba*Triturado Grosso*SP*II*Saco 50 kg*EUR/kg;Alfarroba; Algarve;Algarve;5;27-01-2014;0.18;0.22;0.2
Alfarroba*Graínha*SP*I*Saco 50 kg*EUR/kg;Alfarroba; Algarve;Algarve;6;03-02-2014;1.8;2.0;1.8
Alfarroba*Inteira*SP*II*Saco 50 kg*EUR/kg;Alfarroba; Algarve;Algarve;6;03-02-2014;0.3;0.35;0.34
Alfarroba*Triturado Grosso*SP*II*Saco 50 kg*EUR/kg;Alfarroba; Algarve;Algarve;8;17-02-2014;0.18;0.22;0.2
Alfarroba*Graínha*SP*I*Saco 50 kg*EUR/kg;Alfarroba; Algarve;Algarve;9;24-02-2014;1.8;2.0;1.8
Alfarroba*Inteira*SP*II*Saco 50 kg*EUR/kg;Alfarroba; Algarve;Algarve;9;24-02-2014;0.3;0.36;0.34
Alfarroba*Triturado Grosso*SP*II*Saco 50 kg*EUR/kg;Alfarroba; Algarve;Algarve;9;24-02-2014;0.18;0.21;0.2
Alfarroba*Graínha*SP*I*Saco 50 kg*EUR/kg;Alfarroba; Algarve;Algarve;10;03-03-2014;1.8;2.0;1.8
Alfarroba*Inteira*SP*II*Saco 50 kg*EUR/kg;Alfarroba; Algarve;Algarve;10;03-03-2014;0.3;0.36;0.34
Alfarroba*Inteira*SP*II*Saco 50 kg*EUR/kg;Alfarroba; Algarve;Algarve;12;17-03-2014;0.34;0.4;0.36
Alfarroba*Triturado Grosso*SP*II*Saco 50 kg*EUR/kg;Alfarroba; Algarve;Algarve;12;17-03-2014;0.19;0.22;0.2
Alfarroba*Graínha*SP*I*Saco 50 kg*EUR/kg;Alfarroba; Algarve;Algarve;13;24-03-2014;2.0;2.3;2.0
Alfarroba*Inteira*SP*II*Saco 50 kg*EUR/kg;Alfarroba; Algarve;Algarve;13;24-03-2014;0.34;0.4;0.36
Alfarroba*Triturado Grosso*SP*II*Saco 50 kg*EUR/kg;Alfarroba; Algarve;Algarve;15;07-04-2014;0.18;0.21;0.2
Alfarroba*Graínha*SP*I*Saco 50 kg*EUR/kg;Alfarroba; Algarve;Algarve;16;14-04-2014;2.2;2.5;2.3
Alfarroba*Inteira*SP*II*Saco 50 kg*EUR/kg;Alfarroba; Algarve;Algarve;16;14-04-2014;0.34;0.4;0.36
Alfarroba*Triturado Grosso*SP*II*Saco 50 kg*EUR/kg;Alfarroba; Algarve;Algarve;16;14-04-2014;0.18;0.21;0.2
Alfarroba*Graínha*SP*I*Saco 50 kg*EUR/kg;Alfarroba; Algarve;Algarve;17;21-04-2014;2.2;2.5;2.3
Alfarroba*Inteira*SP*II*Saco 50 kg*EUR/kg;Alfarroba; Algarve;Algarve;17;21-04-2014;0.34;0.4;0.36
Alfarroba*Triturado Grosso*SP*II*Saco 50 kg*EUR/kg;Alfarroba; Algarve;Algarve;18;28-04-2014;0.18;0.21;0.2
Alfarroba*Graínha*SP*I*Saco 50 kg*EUR/kg;Alfarroba; Algarve;Algarve;19;05-05-2014;2.2;2.5;2.3
Alfarroba*Inteira*SP*II*Saco 50 kg*EUR/kg;Alfarroba; Algarve;Algarve;19;05-05-2014;0.34;0.4;0.36
Alfarroba*Triturado Grosso*SP*II*Saco 50 kg*EUR/kg;Alfarroba; Algarve;Algarve;19;05-05-2014;0.18;0.21;0.2
Alfarroba*Graínha*SP*I*Saco 50 kg*EUR/kg;Alfarroba; Algarve;Algarve;20;12-05-2014;2.2;2.5;2.3
Alfarroba*Inteira*SP*II*Saco 50 kg*EUR/kg;Alfarroba; Algarve;Algarve;20;12-05-2014;0.33;0.4;0.36
Alfarroba*Triturado Grosso*SP*II*Saco 50 kg*EUR/kg;Alfarroba; Algarve;Algarve;21;19-05-2014;0.18;0.22;0.21
Alfarroba*Inteira*SP*II*Saco 50 kg*EUR/kg;Alfarroba; Algarve;Algarve;22;26-05-2014;0.33;0.4;0.36
Alfarroba*Triturado Grosso*SP*II*Saco 50 kg*EUR/kg;Alfarroba; Algarve;Algarve;22;26-05-2014;0.17;0.22;0.21
Alfarroba*Inteira*SP*II*Saco 50 kg*EUR/kg;Alfarroba; Algarve;Algarve;23;02-06-2014;0.33;0.4;0.36
Alfarroba*Triturado Grosso*SP*II*Saco 50 kg*EUR/kg;Alfarroba; Algarve;Algarve;25;16-06-2014;0.16;0.21;0.2
Alfarroba*Inteira*SP*II*Saco 50 kg*EUR/kg;Alfarroba; Algarve;Algarve;26;23-06-2014;0.33;0.4;0.36
Alfarroba*Triturado Grosso*SP*II*Saco 50 kg*EUR/kg;Alfarroba; Algarve;Algarve;26;23-06-2014;0.16;0.21;0.2
Alfarroba*Inteira*SP*II*Saco 50 kg*EUR/kg;Alfarroba; Algarve;Algarve;27;30-06-2014;0.3;0.37;0.33
Alfarroba*Triturado Grosso*SP*II*Saco 50 kg*EUR/kg;Alfarroba; Algarve;Algarve;27;30-06-2014;0.16;0.22;0.21
Alfarroba*Inteira*SP*II*Saco 50 kg*EUR/kg;Alfarroba; Algarve;Algarve;28;07-07-2014;0.3;0.37;0.36
Alfarroba*Triturado Grosso*SP*II*Saco 50 kg*EUR/kg;Alfarroba; Algarve;Algarve;30;21-07-2014;0.15;0.21;0.2
Alfarroba*Inteira*SP*II*Saco 50 kg*EUR/kg;Alfarroba; Algarve;Algarve;31;28-07-2014;0.3;0.36;0.33
Alfarroba*Triturado Grosso*SP*II*Saco 50 kg*EUR/kg;Alfarroba; Algarve;Algarve;33;11-08-2014;0.14;0.2;0.16
Alfarroba*Inteira*SP*II*Saco 50 kg*EUR/kg;Alfarroba; Algarve;Algarve;34;18-08-2014;0.3;0.36;0.33
Alfarroba*Triturado Grosso*SP*II*Saco 50 kg*EUR/kg;Alfarroba; Algarve;Algarve;34;18-08-2014;0.14;0.2;0.15
Alfarroba*Inteira*SP*II*Saco 50 kg*EUR/kg;Alfarroba; Algarve;Algarve;35;25-08-2014;0.3;0.36;0.33
Alfarroba*Triturado Grosso*SP*II*Saco 50 kg*EUR/kg;Alfarroba; Algarve;Algarve;36;01-09-2014;0.14;0.2;0.15
Alfarroba*Graínha*SP*I*Saco 50 kg*EUR/kg;Alfarroba; Algarve;Algarve;37;08-09-2014;2.3;2.3;2.3
Alfarroba*Inteira*SP*II*Saco 50 kg*EUR/kg;Alfarroba; Algarve;Algarve;37;08-09-2014;0.3;0.36;0.33
Alfarroba*Triturado Grosso*SP*II*Saco 50 kg*EUR/kg;Alfarroba; Algarve;Algarve;37;08-09-2014;0.14;0.2;0.15
Alfarroba*Graínha*SP*I*Saco 50 kg*EUR/kg;Alfarroba; Algarve;Algarve;38;15-09-2014;2.3;2.3;2.3
Alfarroba*Inteira*SP*II*Saco 50 kg*EUR/kg;Alfarroba; Algarve;Algarve;38;15-09-2014;0.3;0.36;0.33
Alfarroba*Triturado Grosso*SP*II*Saco 50 kg*EUR/kg;Alfarroba; Algarve;Algarve;40;29-09-2014;0.12;0.18;0.15
Alfarroba*Graínha*SP*I*Saco 50 kg*EUR/kg;Alfarroba; Algarve;Algarve;41;06-10-2014;2.0;2.0;2.0
Alfarroba*Inteira*SP*II*Saco 50 kg*EUR/kg;Alfarroba; Algarve;Algarve;41;06-10-2014;0.3;0.33;0.3
Alfarroba*Triturado Grosso*SP*II*Saco 50 kg*EUR/kg;Alfarroba; Algarve;Algarve;43;20-10-2014;0.12;0.16;0.13
Alfarroba*Graínha*SP*I*Saco 50 kg*EUR/kg;Alfarroba; Algarve;Algarve;44;27-10-2014;2.0;2.0;2.0
Alfarroba*Inteira*SP*II*Saco 50 kg*EUR/kg;Alfarroba; Algarve;Algarve;44;27-10-2014;0.3;0.33;0.3
Alfarroba*Triturado Grosso*SP*II*Saco 50 kg*EUR/kg;Alfarroba; Algarve;Algarve;46;10-11-2014;0.12;0.15;0.13
Alfarroba*Graínha*SP*I*Saco 50 kg*EUR/kg;Alfarroba; Algarve;Algarve;47;17-11-2014;2.0;2.0;2.0
Alfarroba*Inteira*SP*II*Saco 50 kg*EUR/kg;Alfarroba; Algarve;Algarve;47;17-11-2014;0.28;0.3;0.29
Alfarroba*Triturado Grosso*SP*II*Saco 50 kg*EUR/kg;Alfarroba; Algarve;Algarve;47;17-11-2014;0.1;0.15;0.11
Alfarroba*Triturado Grosso*SP*II*Saco 50 kg*EUR/kg;Alfarroba; Algarve;Algarve;51;15-12-2014;0.11;0.15;0.12
Alfarroba*Graínha*SP*I*Saco 50 kg*EUR/kg;Alfarroba; Algarve;Algarve;52;22-12-2014;1.8;1.8;1.8
Alfarroba*Inteira*SP*II*Saco 50 kg*EUR/kg;Alfarroba; Algarve;Algarve;52;22-12-2014;0.28;0.3;0.29
Alfarroba*Triturado Grosso*SP*II*Saco 50 kg*EUR/kg;Alfarroba; Algarve;Algarve;52;22-12-2014;0.11;0.15;0.12
Alfarroba*Graínha*SP*I*Saco 50 kg*EUR/kg;Alfarroba; Algarve;Algarve;1;29-12-2014;1.8;1.8;1.8
Alfarroba*Inteira*SP*II*Saco 50 kg*EUR/kg;Alfarroba; Algarve;Algarve;1;29-12-2014;0.28;0.3;0.29
Alfarroba*Triturado Grosso*SP*II*Saco 50 kg*EUR/kg;Alfarroba; Algarve;Algarve;5;26-01-2015;0.11;0.15;0.12
Alfarroba*Graínha*SP*I*Saco 50 kg*EUR/kg;Alfarroba; Algarve;Algarve;6;02-02-2015;1.8;1.9;1.8
Alfarroba*Inteira*SP*II*Saco 50 kg*EUR/kg;Alfarroba; Algarve;Algarve;6;02-02-2015;0.28;0.3;0.29
Alfarroba*Triturado Grosso*SP*II*Saco 50 kg*EUR/kg;Alfarroba; Algarve;Algarve;6;02-02-2015;0.11;0.15;0.12
Alfarroba*Graínha*SP*I*Saco 50 kg*EUR/kg;Alfarroba; Algarve;Algarve;7;09-02-2015;1.8;1.9;1.8
Alfarroba*Inteira*SP*II*Saco 50 kg*EUR/kg;Alfarroba; Algarve;Algarve;7;09-02-2015;0.28;0.3;0.29
Alfarroba*Triturado Grosso*SP*II*Saco 50 kg*EUR/kg;Alfarroba; Algarve;Algarve;9;23-02-2015;0.1;0.15;0.11
Alfarroba*Graínha*SP*I*Saco 50 kg*EUR/kg;Alfarroba; Algarve;Algarve;10;02-03-2015;1.8;2.0;1.8
Alfarroba*Inteira*SP*II*Saco 50 kg*EUR/kg;Alfarroba; Algarve;Algarve;10;02-03-2015;0.3;0.32;0.31
Alfarroba*Triturado Grosso*SP*II*Saco 50 kg*EUR/kg;Alfarroba; Algarve;Algarve;10;02-03-2015;0.1;0.15;0.11
Alfarroba*Graínha*SP*I*Saco 50 kg*EUR/kg;Alfarroba; Algarve;Algarve;11;09-03-2015;1.8;2.0;1.8
Alfarroba*Inteira*SP*II*Saco 50 kg*EUR/kg;Alfarroba; Algarve;Algarve;11;09-03-2015;0.3;0.33;0.31
Alfarroba*Graínha*SP*I*Saco 50 kg*EUR/kg;Alfarroba; Algarve;Algarve;15;06-04-2015;1.8;2.0;1.8
Alfarroba*Inteira*SP*II*Saco 50 kg*EUR/kg;Alfarroba; Algarve;Algarve;15;06-04-2015;0.3;0.34;0.33
Alfarroba*Triturado Grosso*SP*II*Saco 50 kg*EUR/kg;Alfarroba; Algarve;Algarve;15;06-04-2015;0.12;0.16;0.14
Alfarroba*Graínha*SP*I*Saco 50 kg*EUR/kg;Alfarroba; Algarve;Algarve;16;13-04-2015;1.8;2.0;1.8
Alfarroba*Inteira*SP*II*Saco 50 kg*EUR/kg;Alfarroba; Algarve;Algarve;16;13-04-2015;0.3;0.34;0.33
Alfarroba*Triturado Grosso*SP*II*Saco 50 kg*EUR/kg;Alfarroba; Algarve;Algarve;16;13-04-2015;0.12;0.16;0.14
Alfarroba*Graínha*SP*I*Saco 50 kg*EUR/kg;Alfarroba; Algarve;Algarve;17;20-04-2015;1.8;2.0;1.8
Alfarroba*Inteira*SP*II*Saco 50 kg*EUR/kg;Alfarroba; Algarve;Algarve;17;20-04-2015;0.3;0.34;0.33
Alfarroba*Triturado Grosso*SP*II*Saco 50 kg*EUR/kg;Alfarroba; Algarve;Algarve;17;20-04-2015;0.12;0.16;0.15
Alfarroba*Graínha*SP*I*Saco 50 kg*EUR/kg;Alfarroba; Algarve;Algarve;18;27-04-2015;1.8;2.0;1.8
Alfarroba*Inteira*SP*II*Saco 50 kg*EUR/kg;Alfarroba; Algarve;Algarve;18;27-04-2015;0.3;0.34;0.33
Alfarroba*Triturado Grosso*SP*II*Saco 50 kg*EUR/kg;Alfarroba; Algarve;Algarve;20;11-05-2015;0.12;0.17;0.15
Alfarroba*Graínha*SP*I*Saco 50 kg*EUR/kg;Alfarroba; Algarve;Algarve;21;18-05-2015;1.8;2.2;1.8
Alfarroba*Inteira*SP*II*Saco 50 kg*EUR/kg;Alfarroba; Algarve;Algarve;21;18-05-2015;0.3;0.35;0.34
Alfarroba*Triturado Grosso*SP*II*Saco 50 kg*EUR/kg;Alfarroba; Algarve;Algarve;21;18-05-2015;0.12;0.17;0.15
Alfarroba*Graínha*SP*I*Saco 50 kg*EUR/kg;Alfarroba; Algarve;Algarve;22;25-05-2015;1.8;2.2;2.0
Alfarroba*Inteira*SP*II*Saco 50 kg*EUR/kg;Alfarroba; Algarve;Algarve;22;25-05-2015;0.3;0.34;0.33
Alfarroba*Triturado Grosso*SP*II*Saco 50 kg*EUR/kg;Alfarroba; Algarve;Algarve;24;08-06-2015;0.12;0.16;0.15
Alfarroba*Graínha*SP*I*Saco 50 kg*EUR/kg;Alfarroba; Algarve;Algarve;25;15-06-2015;1.8;2.2;2.0
Alfarroba*Inteira*SP*II*Saco 50 kg*EUR/kg;Alfarroba; Algarve;Algarve;25;15-06-2015;0.3;0.34;0.33
Alfarroba*Triturado Grosso*SP*II*Saco 50 kg*EUR/kg;Alfarroba; Algarve;Algarve;25;15-06-2015;0.12;0.16;0.15
Alfarroba*Graínha*SP*I*Saco 50 kg*EUR/kg;Alfarroba; Algarve;Algarve;26;22-06-2015;1.8;2.2;2.0
Alfarroba*Inteira*SP*II*Saco 50 kg*EUR/kg;Alfarroba; Algarve;Algarve;26;22-06-2015;0.3;0.34;0.33
Alfarroba*Triturado Grosso*SP*II*Saco 50 kg*EUR/kg;Alfarroba; Algarve;Algarve;28;06-07-2015;0.12;0.16;0.15
Alfarroba*Graínha*SP*I*Saco 50 kg*EUR/kg;Alfarroba; Algarve;Algarve;29;13-07-2015;1.8;2.2;2.0
Alfarroba*Inteira*SP*II*Saco 50 kg*EUR/kg;Alfarroba; Algarve;Algarve;29;13-07-2015;0.3;0.34;0.33
Alfarroba*Triturado Grosso*SP*II*Saco 50 kg*EUR/kg;Alfarroba; Algarve;Algarve;29;13-07-2015;0.12;0.16;0.15
Alfarroba*Graínha*SP*I*Saco 50 kg*EUR/kg;Alfarroba; Algarve;Algarve;30;20-07-2015;1.8;2.2;2.0
Alfarroba*Inteira*SP*II*Saco 50 kg*EUR/kg;Alfarroba; Algarve;Algarve;30;20-07-2015;0.3;0.34;0.33
Alfarroba*Triturado Grosso*SP*II*Saco 50 kg*EUR/kg;Alfarroba; Algarve;Algarve;31;27-07-2015;0.12;0.16;0.15
Alfarroba*Graínha*SP*I*Saco 50 kg*EUR/kg;Alfarroba; Algarve;Algarve;32;03-08-2015;1.8;2.2;2.0
Alfarroba*Inteira*SP*II*Saco 50 kg*EUR/kg;Alfarroba; Algarve;Algarve;32;03-08-2015;0.3;0.33;0.31
Alfarroba*Triturado Grosso*SP*II*Saco 50 kg*EUR/kg;Alfarroba; Algarve;Algarve;32;03-08-2015;0.12;0.16;0.15
Alfarroba*Graínha*SP*I*Saco 50 kg*EUR/kg;Alfarroba; Algarve;Algarve;33;10-08-2015;1.8;2.2;2.0
Alfarroba*Inteira*SP*II*Saco 50 kg*EUR/kg;Alfarroba; Algarve;Algarve;33;10-08-2015;0.3;0.33;0.31
Alfarroba*Triturado Grosso*SP*II*Saco 50 kg*EUR/kg;Alfarroba; Algarve;Algarve;35;24-08-2015;0.12;0.15;0.14
Alfarroba*Graínha*SP*I*Saco 50 kg*EUR/kg;Alfarroba; Algarve;Algarve;36;31-08-2015;2.0;2.2;2.2
Alfarroba*Inteira*SP*II*Saco 50 kg*EUR/kg;Alfarroba; Algarve;Algarve;36;31-08-2015;0.3;0.33;0.31
Alfarroba*Triturado Grosso*SP*II*Saco 50 kg*EUR/kg;Alfarroba; Algarve;Algarve;36;31-08-2015;0.14;0.16;0.15
Alfarroba*Graínha*SP*I*Saco 50 kg*EUR/kg;Alfarroba; Algarve;Algarve;37;07-09-2015;2.0;2.2;2.2
Alfarroba*Inteira*SP*II*Saco 50 kg*EUR/kg;Alfarroba; Algarve;Algarve;37;07-09-2015;0.3;0.33;0.33
Alfarroba*Triturado Grosso*SP*II*Saco 50 kg*EUR/kg;Alfarroba; Algarve;Algarve;38;14-09-2015;0.14;0.15;0.14
Alfarroba*Graínha*SP*I*Saco 50 kg*EUR/kg;Alfarroba; Algarve;Algarve;39;21-09-2015;2.0;2.2;2.2
Alfarroba*Inteira*SP*II*Saco 50 kg*EUR/kg;Alfarroba; Algarve;Algarve;39;21-09-2015;0.3;0.33;0.33
Alfarroba*Triturado Grosso*SP*II*Saco 50 kg*EUR/kg;Alfarroba; Algarve;Algarve;39;21-09-2015;0.14;0.15;0.14
Alfarroba*Graínha*SP*I*Saco 50 kg*EUR/kg;Alfarroba; Algarve;Algarve;40;28-09-2015;2.0;2.2;2.2
Alfarroba*Inteira*SP*II*Saco 50 kg*EUR/kg;Alfarroba; Algarve;Algarve;40;28-09-2015;0.33;0.35;0.34
Alfarroba*Triturado Grosso*SP*II*Saco 50 kg*EUR/kg;Alfarroba; Algarve;Algarve;42;12-10-2015;0.13;0.15;0.14
Alfarroba*Graínha*SP*I*Saco 50 kg*EUR/kg;Alfarroba; Algarve;Algarve;43;19-10-2015;2.0;2.5;2.2
Alfarroba*Inteira*SP*II*Saco 50 kg*EUR/kg;Alfarroba; Algarve;Algarve;43;19-10-2015;0.33;0.35;0.34
Alfarroba*Triturado Grosso*SP*II*Saco 50 kg*EUR/kg;Alfarroba; Algarve;Algarve;43;19-10-2015;0.13;0.15;0.14
Alfarroba*Graínha*SP*I*Saco 50 kg*EUR/kg;Alfarroba; Algarve;Algarve;46;09-11-2015;2.0;2.5;2.2
Alfarroba*Inteira*SP*II*Saco 50 kg*EUR/kg;Alfarroba; Algarve;Algarve;46;09-11-2015;0.33;0.36;0.35
Alfarroba*Triturado Grosso*SP*II*Saco 50 kg*EUR/kg;Alfarroba; Algarve;Algarve;46;09-11-2015;0.13;0.15;0.14
Alfarroba*Graínha*SP*I*Saco 50 kg*EUR/kg;Alfarroba; Algarve;Algarve;47;16-11-2015;2.0;2.5;2.2
Alfarroba*Inteira*SP*II*Saco 50 kg*EUR/kg;Alfarroba; Algarve;Algarve;47;16-11-2015;0.33;0.36;0.35
Alfarroba*Triturado Grosso*SP*II*Saco 50 kg*EUR/kg;Alfarroba; Algarve;Algarve;49;30-11-2015;0.13;0.15;0.14
Alfarroba*Graínha*SP*I*Saco 50 kg*EUR/kg;Alfarroba; Algarve;Algarve;50;07-12-2015;2.0;2.75;2.5
Alfarroba*Inteira*SP*II*Saco 50 kg*EUR/kg;Alfarroba; Algarve;Algarve;50;07-12-2015;0.33;0.4;0.37
Alfarroba*Triturado Grosso*SP*II*Saco 50 kg*EUR/kg;Alfarroba; Algarve;Algarve;50;07-12-2015;0.13;0.15;0.14
Alfarroba*Graínha*SP*I*Saco 50 kg*EUR/kg;Alfarroba; Algarve;Algarve;51;14-12-2015;2.0;2.75;2.5
Alfarroba*Inteira*SP*II*Saco 50 kg*EUR/kg;Alfarroba; Algarve;Algarve;51;14-12-2015;0.33;0.4;0.37
Alfarroba*Graínha*SP*I*Saco 50 kg*EUR/kg;Alfarroba; Algarve;Algarve;2;11-01-2016;2.0;2.75;2.5
Alfarroba*Inteira*SP*II*Saco 50 kg*EUR/kg;Alfarroba; Algarve;Algarve;2;11-01-2016;0.33;0.4;0.37
Alfarroba*Triturado Grosso*SP*II*Saco 50 kg*EUR/kg;Alfarroba; Algarve;Algarve;2;11-01-2016;0.13;0.16;0.15
Alfarroba*Graínha*SP*I*Saco 50 kg*EUR/kg;Alfarroba; Algarve;Algarve;3;18-01-2016;2.0;2.75;2.5
Alfarroba*Inteira*SP*II*Saco 50 kg*EUR/kg;Alfarroba; Algarve;Algarve;3;18-01-2016;0.33;0.4;0.37
Alfarroba*Triturado Grosso*SP*II*Saco 50 kg*EUR/kg;Alfarroba; Algarve;Algarve;7;15-02-2016;0.13;0.15;0.14
Alfarroba*Graínha*SP*I*Saco 50 kg*EUR/kg;Alfarroba; Algarve;Algarve;8;22-02-2016;2.0;2.65;2.5
Alfarroba*Inteira*SP*II*Saco 50 kg*EUR/kg;Alfarroba; Algarve;Algarve;8;22-02-2016;0.33;0.38;0.37
Alfarroba*Triturado Grosso*SP*II*Saco 50 kg*EUR/kg;Alfarroba; Algarve;Algarve;8;22-02-2016;0.13;0.15;0.14
Alfarroba*Graínha*SP*I*Saco 50 kg*EUR/kg;Alfarroba; Algarve;Algarve;9;29-02-2016;2.0;2.65;2.5
Alfarroba*Inteira*SP*II*Saco 50 kg*EUR/kg;Alfarroba; Algarve;Algarve;9;29-02-2016;0.33;0.38;0.37
Alfarroba*Graínha*SP*I*Saco 50 kg*EUR/kg;Alfarroba; Algarve;Algarve;11;14-03-2016;2.0;2.65;2.5
Alfarroba*Inteira*SP*II*Saco 50 kg*EUR/kg;Alfarroba; Algarve;Algarve;11;14-03-2016;0.35;0.4;0.38
Alfarroba*Triturado Grosso*SP*II*Saco 50 kg*EUR/kg;Alfarroba; Algarve;Algarve;11;14-03-2016;0.13;0.15;0.14
Alfarroba*Graínha*SP*I*Saco 50 kg*EUR/kg;Alfarroba; Algarve;Algarve;12;21-03-2016;2.0;2.65;2.5
Alfarroba*Inteira*SP*II*Saco 50 kg*EUR/kg;Alfarroba; Algarve;Algarve;12;21-03-2016;0.35;0.4;0.38
Alfarroba*Triturado Grosso*SP*II*Saco 50 kg*EUR/kg;Alfarroba; Algarve;Algarve;14;04-04-2016;0.13;0.15;0.14
Alfarroba*Graínha*SP*I*Saco 50 kg*EUR/kg;Alfarroba; Algarve;Algarve;15;11-04-2016;2.0;2.4;2.3
Alfarroba*Inteira*SP*II*Saco 50 kg*EUR/kg;Alfarroba; Algarve;Algarve;15;11-04-2016;0.35;0.39;0.38
Alfarroba*Triturado Grosso*SP*II*Saco 50 kg*EUR/kg;Alfarroba; Algarve;Algarve;15;11-04-2016;0.13;0.15;0.14
Alfarroba*Graínha*SP*I*Saco 50 kg*EUR/kg;Alfarroba; Algarve;Algarve;16;18-04-2016;2.0;2.4;2.3
Alfarroba*Inteira*SP*II*Saco 50 kg*EUR/kg;Alfarroba; Algarve;Algarve;16;18-04-2016;0.35;0.39;0.38
Alfarroba*Triturado Grosso*SP*II*Saco 50 kg*EUR/kg;Alfarroba; Algarve;Algarve;18;02-05-2016;0.13;0.15;0.14
Alfarroba*Graínha*SP*I*Saco 50 kg*EUR/kg;Alfarroba; Algarve;Algarve;19;09-05-2016;2.0;2.4;2.3
Alfarroba*Inteira*SP*II*Saco 50 kg*EUR/kg;Alfarroba; Algarve;Algarve;19;09-05-2016;0.35;0.39;0.37
Alfarroba*Triturado Grosso*SP*II*Saco 50 kg*EUR/kg;Alfarroba; Algarve;Algarve;19;09-05-2016;0.13;0.15;0.14
Alfarroba*Triturado Grosso*SP*II*Saco 50 kg*EUR/kg;Alfarroba; Algarve;Algarve;21;23-05-2016;0.13;0.15;0.14
Alfarroba*Graínha*SP*I*Saco 50 kg*EUR/kg;Alfarroba; Algarve;Algarve;22;30-05-2016;2.0;2.4;2.3
Alfarroba*Inteira*SP*II*Saco 50 kg*EUR/kg;Alfarroba; Algarve;Algarve;22;30-05-2016;0.35;0.39;0.37
Alfarroba*Triturado Grosso*SP*II*Saco 50 kg*EUR/kg;Alfarroba; Algarve;Algarve;22;30-05-2016;0.13;0.16;0.14
Alfarroba*Graínha*SP*I*Saco 50 kg*EUR/kg;Alfarroba; Algarve;Algarve;23;06-06-2016;2.0;2.4;2.3
Alfarroba*Inteira*SP*II*Saco 50 kg*EUR/kg;Alfarroba; Algarve;Algarve;23;06-06-2016;0.35;0.39;0.37
Alfarroba*Triturado Grosso*SP*II*Saco 50 kg*EUR/kg;Alfarroba; Algarve;Algarve;25;20-06-2016;0.13;0.16;0.14
Alfarroba*Graínha*SP*I*Saco 50 kg*EUR/kg;Alfarroba; Algarve;Algarve;26;27-06-2016;2.0;2.4;2.3
Alfarroba*Inteira*SP*II*Saco 50 kg*EUR/kg;Alfarroba; Algarve;Algarve;26;27-06-2016;0.33;0.37;0.35
Alfarroba*Triturado Grosso*SP*II*Saco 50 kg*EUR/kg;Alfarroba; Algarve;Algarve;26;27-06-2016;0.12;0.15;0.14
Alfarroba*Graínha*SP*I*Saco 50 kg*EUR/kg;Alfarroba; Algarve;Algarve;27;04-07-2016;2.0;2.4;2.3
Alfarroba*Inteira*SP*II*Saco 50 kg*EUR/kg;Alfarroba; Algarve;Algarve;27;04-07-2016;0.33;0.37;0.35
Alfarroba*Inteira*SP*II*Saco 50 kg*EUR/kg;Alfarroba; Algarve;Algarve;29;18-07-2016;0.33;0.37;0.35
Alfarroba*Triturado Grosso*SP*II*Saco 50 kg*EUR/kg;Alfarroba; Algarve;Algarve;29;18-07-2016;0.12;0.15;0.14
Alfarroba*Graínha*SP*I*Saco 50 kg*EUR/kg;Alfarroba; Algarve;Algarve;30;25-07-2016;2.0;2.4;2.3
Alfarroba*Inteira*SP*II*Saco 50 kg*EUR/kg;Alfarroba; Algarve;Algarve;30;25-07-2016;0.33;0.37;0.35
Alfarroba*Triturado Grosso*SP*II*Saco 50 kg*EUR/kg;Alfarroba; Algarve;Algarve;30;25-07-2016;0.12;0.15;0.14
Alfarroba*Triturado Grosso*SP*II*Saco 50 kg*EUR/kg;Alfarroba; Algarve;Algarve;32;08-08-2016;0.12;0.15;0.14
Alfarroba*Graínha*SP*I*Saco 50 kg*EUR/kg;Alfarroba; Algarve;Algarve;33;15-08-2016;2.0;2.4;2.3
Alfarroba*Inteira*SP*II*Saco 50 kg*EUR/kg;Alfarroba; Algarve;Algarve;33;15-08-2016;0.28;0.33;0.3
Alfarroba*Triturado Grosso*SP*II*Saco 50 kg*EUR/kg;Alfarroba; Algarve;Algarve;33;15-08-2016;0.12;0.15;0.14
Alfarroba*Graínha*SP*I*Saco 50 kg*EUR/kg;Alfarroba; Algarve;Algarve;34;22-08-2016;2.0;2.4;2.3
Alfarroba*Inteira*SP*II*Saco 50 kg*EUR/kg;Alfarroba; Algarve;Algarve;34;22-08-2016;0.28;0.33;0.3
Alfarroba*Triturado Grosso*SP*II*Saco 50 kg*EUR/kg;Alfarroba; Algarve;Algarve;36;05-09-2016;0.12;0.15;0.14
Alfarroba*Inteira*SP*II*Saco 50 kg*EUR/kg;Alfarroba; Algarve;Algarve;37;12-09-2016;0.31;0.33;0.32
Alfarroba*Triturado Grosso*SP*II*Saco 50 kg*EUR/kg;Alfarroba; Algarve;Algarve;37;12-09-2016;0.12;0.15;0.14
Alfarroba*Inteira*SP*II*Saco 50 kg*EUR/kg;Alfarroba; Algarve;Algarve;38;19-09-2016;0.31;0.33;0.32
Alfarroba*Inteira*SP*II*Saco 50 kg*EUR/kg;Alfarroba; Algarve;Algarve;40;03-10-2016;0.31;0.33;0.32
Alfarroba*Triturado Grosso*SP*II*Saco 50 kg*EUR/kg;Alfarroba; Algarve;Algarve;40;03-10-2016;0.12;0.15;0.14
Alfarroba*Inteira*SP*II*Saco 50 kg*EUR/kg;Alfarroba; Algarve;Algarve;41;10-10-2016;0.31;0.33;0.32
Alfarroba*Triturado Grosso*SP*II*Saco 50 kg*EUR/kg;Alfarroba; Algarve;Algarve;43;24-10-2016;0.11;0.15;0.12
Alfarroba*Graínha*SP*I*Saco 50 kg*EUR/kg;Alfarroba; Algarve;Algarve;44;31-10-2016;2.0;2.0;2.0
Alfarroba*Inteira*SP*II*Saco 50 kg*EUR/kg;Alfarroba; Algarve;Algarve;44;31-10-2016;0.31;0.33;0.32
Alfarroba*Triturado Grosso*SP*II*Saco 50 kg*EUR/kg;Alfarroba; Algarve;Algarve;44;31-10-2016;0.11;0.15;0.12
Alfarroba*Graínha*SP*I*Saco 50 kg*EUR/kg;Alfarroba; Algarve;Algarve;45;07-11-2016;2.0;2.0;2.0
Alfarroba*Inteira*SP*II*Saco 50 kg*EUR/kg;Alfarroba; Algarve;Algarve;45;07-11-2016;0.31;0.33;0.32
Alfarroba*Graínha*SP*I*Saco 50 kg*EUR/kg;Alfarroba; Algarve;Algarve;47;21-11-2016;2.0;2.0;2.0
Alfarroba*Inteira*SP*II*Saco 50 kg*EUR/kg;Alfarroba; Algarve;Algarve;47;21-11-2016;0.31;0.33;0.32
Alfarroba*Triturado Grosso*SP*II*Saco 50 kg*EUR/kg;Alfarroba; Algarve;Algarve;47;21-11-2016;0.11;0.15;0.12
Alfarroba*Graínha*SP*I*Saco 50 kg*EUR/kg;Alfarroba; Algarve;Algarve;48;28-11-2016;2.0;2.2;2.0
Alfarroba*Inteira*SP*II*Saco 50 kg*EUR/kg;Alfarroba; Algarve;Algarve;48;28-11-2016;0.33;0.35;0.34
Alfarroba*Triturado Grosso*SP*II*Saco 50 kg*EUR/kg;Alfarroba; Algarve;Algarve;50;12-12-2016;0.12;0.17;0.13
Alfarroba*Graínha*SP*I*Saco 50 kg*EUR/kg;Alfarroba; Algarve;Algarve;51;19-12-2016;2.0;2.2;2.0
Alfarroba*Inteira*SP*II*Saco 50 kg*EUR/kg;Alfarroba; Algarve;Algarve;51;19-12-2016;0.33;0.35;0.34
Alfarroba*Triturado Grosso*SP*II*Saco 50 kg*EUR/kg;Alfarroba; Algarve;Algarve;51;19-12-2016;0.12;0.17;0.13
Alfarroba*Graínha*SP*I*Saco 50 kg*EUR/kg;Alfarroba; Algarve;Algarve;52;26-12-2016;2.0;2.2;2.0
Alfarroba*Inteira*SP*II*Saco 50 kg*EUR/kg;Alfarroba; Algarve;Algarve;52;26-12-2016;0.33;0.35;0.34
Alfarroba*Triturado Grosso*SP*II*Saco 50 kg*EUR/kg;Alfarroba; Algarve;Algarve;52;26-12-2016;0.12;0.17;0.13
Alfarroba*Graínha*SP*I*Saco 50 kg*EUR/kg;Alfarroba; Algarve;Algarve;1;02-01-2017;2.0;2.2;2.0
Alfarroba*Inteira*SP*II*Saco 50 kg*EUR/kg;Alfarroba; Algarve;Algarve;1;02-01-2017;0.33;0.35;0.34
Alfarroba*Triturado Grosso*SP*II*Saco 50 kg*EUR/kg;Alfarroba; Algarve;Algarve;3;16-01-2017;0.13;0.16;0.14
Alfarroba*Graínha*SP*I*Saco 50 kg*EUR/kg;Alfarroba; Algarve;Algarve;4;23-01-2017;2.0;2.2;2.0
Alfarroba*Inteira*SP*II*Saco 50 kg*EUR/kg;Alfarroba; Algarve;Algarve;4;23-01-2017;0.33;0.35;0.34
Alfarroba*Triturado Grosso*SP*II*Saco 50 kg*EUR/kg;Alfarroba; Algarve;Algarve;4;23-01-2017;0.13;0.16;0.14
Alfarroba*Triturado Grosso*SP*II*Saco 50 kg*EUR/kg;Alfarroba; Algarve;Algarve;6;06-02-2017;0.13;0.16;0.14
Alfarroba*Graínha*SP*I*Saco 50 kg*EUR/kg;Alfarroba; Algarve;Algarve;7;13-02-2017;2.0;2.5;2.2
Alfarroba*Inteira*SP*II*Saco 50 kg*EUR/kg;Alfarroba; Algarve;Algarve;7;13-02-2017;0.34;0.37;0.35
Alfarroba*Triturado Grosso*SP*II*Saco 50 kg*EUR/kg;Alfarroba; Algarve;Algarve;7;13-02-2017;0.14;0.16;0.15
Alfarroba*Graínha*SP*I*Saco 50 kg*EUR/kg;Alfarroba; Algarve;Algarve;8;20-02-2017;2.0;2.5;2.2
Alfarroba*Inteira*SP*II*Saco 50 kg*EUR/kg;Alfarroba; Algarve;Algarve;8;20-02-2017;0.34;0.37;0.35
Alfarroba*Triturado Grosso*SP*II*Saco 50 kg*EUR/kg;Alfarroba; Algarve;Algarve;10;06-03-2017;0.16;0.18;0.17
Alfarroba*Graínha*SP*I*Saco 50 kg*EUR/kg;Alfarroba; Algarve;Algarve;11;13-03-2017;2.2;2.6;2.5
Alfarroba*Inteira*SP*II*Saco 50 kg*EUR/kg;Alfarroba; Algarve;Algarve;11;13-03-2017;0.35;0.4;0.37
Alfarroba*Triturado Grosso*SP*II*Saco 50 kg*EUR/kg;Alfarroba; Algarve;Algarve;11;13-03-2017;0.16;0.18;0.17
Alfarroba*Graínha*SP*I*Saco 50 kg*EUR/kg;Alfarroba; Algarve;Algarve;12;20-03-2017;2.2;2.6;2.5
Alfarroba*Inteira*SP*II*Saco 50 kg*EUR/kg;Alfarroba; Algarve;Algarve;12;20-03-2017;0.35;0.4;0.37
Alfarroba*Inteira*SP*II*Saco 50 kg*EUR/kg;Alfarroba; Algarve;Algarve;14;03-04-2017;0.35;0.4;0.37
Alfarroba*Triturado Grosso*SP*II*Saco 50 kg*EUR/kg;Alfarroba; Algarve;Algarve;14;03-04-2017;0.16;0.18;0.17
Alfarroba*Graínha*SP*I*Saco 50 kg*EUR/kg;Alfarroba; Algarve;Algarve;15;10-04-2017;2.2;2.6;2.5
Alfarroba*Inteira*SP*II*Saco 50 kg*EUR/kg;Alfarroba; Algarve;Algarve;15;10-04-2017;0.35;0.4;0.37
Alfarroba*Triturado Grosso*SP*II*Saco 50 kg*EUR/kg;Alfarroba; Algarve;Algarve;17;24-04-2017;0.14;0.16;0.15
Alfarroba*Graínha*SP*I*Saco 50 kg*EUR/kg;Alfarroba; Algarve;Algarve;18;01-05-2017;2.2;2.5;2.5
Alfarroba*Inteira*SP*II*Saco 50 kg*EUR/kg;Alfarroba; Algarve;Algarve;18;01-05-2017;0.35;0.4;0.37
Alfarroba*Triturado Grosso*SP*II*Saco 50 kg*EUR/kg;Alfarroba; Algarve;Algarve;18;01-05-2017;0.14;0.16;0.15
Alfarroba*Graínha*SP*I*Saco 50 kg*EUR/kg;Alfarroba; Algarve;Algarve;19;08-05-2017;2.2;2.6;2.5
Alfarroba*Inteira*SP*II*Saco 50 kg*EUR/kg;Alfarroba; Algarve;Algarve;19;08-05-2017;0.36;0.4;0.38
Alfarroba*Triturado Grosso*SP*II*Saco 50 kg*EUR/kg;Alfarroba; Algarve;Algarve;20;15-05-2017;0.14;0.16;0.15
Alfarroba*Graínha*SP*I*Saco 50 kg*EUR/kg;Alfarroba; Algarve;Algarve;21;22-05-2017;2.2;2.6;2.5
Alfarroba*Inteira*SP*II*Saco 50 kg*EUR/kg;Alfarroba; Algarve;Algarve;21;22-05-2017;0.36;0.4;0.38
Alfarroba*Triturado Grosso*SP*II*Saco 50 kg*EUR/kg;Alfarroba; Algarve;Algarve;21;22-05-2017;0.14;0.16;0.15
Alfarroba*Graínha*SP*I*Saco 50 kg*EUR/kg;Alfarroba; Algarve;Algarve;22;29-05-2017;2.2;2.6;2.5
Alfarroba*Inteira*SP*II*Saco 50 kg*EUR/kg;Alfarroba; Algarve;Algarve;22;29-05-2017;0.36;0.4;0.38
Alfarroba*Triturado Grosso*SP*II*Saco 50 kg*EUR/kg;Alfarroba; Algarve;Algarve;27;03-07-2017;0.13;0.15;0.14
Alfarroba*Graínha*SP*I*Saco 50 kg*EUR/kg;Alfarroba; Algarve;Algarve;28;10-07-2017;2.2;2.6;2.5
Alfarroba*Inteira*SP*II*Saco 50 kg*EUR/kg;Alfarroba; Algarve;Algarve;28;10-07-2017;0.36;0.4;0.38
Alfarroba*Triturado Grosso*SP*II*Saco 50 kg*EUR/kg;Alfarroba; Algarve;Algarve;28;10-07-2017;0.13;0.15;0.14
Alfarroba*Graínha*SP*I*Saco 50 kg*EUR/kg;Alfarroba; Algarve;Algarve;29;17-07-2017;2.2;2.6;2.5
Alfarroba*Inteira*SP*II*Saco 50 kg*EUR/kg;Alfarroba; Algarve;Algarve;29;17-07-2017;0.36;0.4;0.38
Alfarroba*Triturado Grosso*SP*II*Saco 50 kg*EUR/kg;Alfarroba; Algarve;Algarve;29;17-07-2017;0.13;0.15;0.14
Alfarroba*Graínha*SP*I*Saco 50 kg*EUR/kg;Alfarroba; Algarve;Algarve;30;24-07-2017;2.2;2.6;2.5
Alfarroba*Inteira*SP*II*Saco 50 kg*EUR/kg;Alfarroba; Algarve;Algarve;30;24-07-2017;0.33;0.39;0.36
Alfarroba*Triturado Grosso*SP*II*Saco 50 kg*EUR/kg;Alfarroba; Algarve;Algarve;30;24-07-2017;0.13;0.15;0.14
Alfarroba*Graínha*SP*I*Saco 50 kg*EUR/kg;Alfarroba; Algarve;Algarve;31;31-07-2017;2.2;2.6;2.5
Alfarroba*Inteira*SP*II*Saco 50 kg*EUR/kg;Alfarroba; Algarve;Algarve;31;31-07-2017;0.3;0.37;0.33
Alfarroba*Triturado Grosso*SP*II*Saco 50 kg*EUR/kg;Alfarroba; Algarve;Algarve;31;31-07-2017;0.13;0.15;0.14
Alfarroba*Graínha*SP*I*Saco 50 kg*EUR/kg;Alfarroba; Algarve;Algarve;32;07-08-2017;2.2;2.6;2.5
Alfarroba*Inteira*SP*II*Saco 50 kg*EUR/kg;Alfarroba; Algarve;Algarve;32;07-08-2017;0.3;0.37;0.33
Alfarroba*Triturado Grosso*SP*II*Saco 50 kg*EUR/kg;Alfarroba; Algarve;Algarve;32;07-08-2017;0.13;0.15;0.14
Alfarroba*Graínha*SP*I*Saco 50 kg*EUR/kg;Alfarroba; Algarve;Algarve;33;14-08-2017;2.2;2.6;2.5
Alfarroba*Inteira*SP*II*Saco 50 kg*EUR/kg;Alfarroba; Algarve;Algarve;33;14-08-2017;0.3;0.37;0.33
Alfarroba*Triturado Grosso*SP*II*Saco 50 kg*EUR/kg;Alfarroba; Algarve;Algarve;33;14-08-2017;0.13;0.15;0.14
Alfarroba*Graínha*SP*I*Saco 50 kg*EUR/kg;Alfarroba; Algarve;Algarve;34;21-08-2017;2.2;2.6;2.5
Alfarroba*Inteira*SP*II*Saco 50 kg*EUR/kg;Alfarroba; Algarve;Algarve;34;21-08-2017;0.3;0.37;0.33
Alfarroba*Triturado Grosso*SP*II*Saco 50 kg*EUR/kg;Alfarroba; Algarve;Algarve;34;21-08-2017;0.12;0.15;0.14
Alfarroba*Graínha*SP*I*Saco 50 kg*EUR/kg;Alfarroba; Algarve;Algarve;35;28-08-2017;2.2;2.6;2.5
Alfarroba*Inteira*SP*II*Saco 50 kg*EUR/kg;Alfarroba; Algarve;Algarve;35;28-08-2017;0.3;0.37;0.33
Alfarroba*Triturado Grosso*SP*II*Saco 50 kg*EUR/kg;Alfarroba; Algarve;Algarve;35;28-08-2017;0.12;0.15;0.14
Alfarroba*Graínha*SP*I*Saco 50 kg*EUR/kg;Alfarroba; Algarve;Algarve;36;04-09-2017;2.2;2.6;2.5
Alfarroba*Inteira*SP*II*Saco 50 kg*EUR/kg;Alfarroba; Algarve;Algarve;36;04-09-2017;0.3;0.37;0.33
Alfarroba*Triturado Grosso*SP*II*Saco 50 kg*EUR/kg;Alfarroba; Algarve;Algarve;36;04-09-2017;0.12;0.15;0.14
Alfarroba*Graínha*SP*I*Saco 50 kg*EUR/kg;Alfarroba; Algarve;Algarve;37;11-09-2017;2.2;2.6;2.5
Alfarroba*Inteira*SP*II*Saco 50 kg*EUR/kg;Alfarroba; Algarve;Algarve;37;11-09-2017;0.3;0.37;0.33
Alfarroba*Triturado Grosso*SP*II*Saco 50 kg*EUR/kg;Alfarroba; Algarve;Algarve;37;11-09-2017;0.12;0.15;0.14
Alfarroba*Graínha*SP*I*Saco 50 kg*EUR/kg;Alfarroba; Algarve;Algarve;38;18-09-2017;2.2;2.6;2.5
Alfarroba*Inteira*SP*II*Saco 50 kg*EUR/kg;Alfarroba; Algarve;Algarve;38;18-09-2017;0.3;0.37;0.33
Alfarroba*Triturado Grosso*SP*II*Saco 50 kg*EUR/kg;Alfarroba; Algarve;Algarve;38;18-09-2017;0.12;0.15;0.14
Alfarroba*Graínha*SP*I*Saco 50 kg*EUR/kg;Alfarroba; Algarve;Algarve;39;25-09-2017;2.2;2.6;2.5
Alfarroba*Inteira*SP*II*Saco 50 kg*EUR/kg;Alfarroba; Algarve;Algarve;39;25-09-2017;0.3;0.37;0.33
Alfarroba*Triturado Grosso*SP*II*Saco 50 kg*EUR/kg;Alfarroba; Algarve;Algarve;39;25-09-2017;0.12;0.15;0.14
Alfarroba*Graínha*SP*I*Saco 50 kg*EUR/kg;Alfarroba; Algarve;Algarve;40;02-10-2017;2.2;2.6;2.5
Alfarroba*Inteira*SP*II*Saco 50 kg*EUR/kg;Alfarroba; Algarve;Algarve;40;02-10-2017;0.3;0.37;0.33
Alfarroba*Triturado Grosso*SP*II*Saco 50 kg*EUR/kg;Alfarroba; Algarve;Algarve;40;02-10-2017;0.12;0.15;0.14
Alfarroba*Graínha*SP*I*Saco 50 kg*EUR/kg;Alfarroba; Algarve;Algarve;41;09-10-2017;2.2;2.6;2.5
Alfarroba*Inteira*SP*II*Saco 50 kg*EUR/kg;Alfarroba; Algarve;Algarve;41;09-10-2017;0.3;0.37;0.33
Alfarroba*Triturado Grosso*SP*II*Saco 50 kg*EUR/kg;Alfarroba; Algarve;Algarve;41;09-10-2017;0.12;0.15;0.14
Alfarroba*Graínha*SP*I*Saco 50 kg*EUR/kg;Alfarroba; Algarve;Algarve;42;16-10-2017;2.2;2.6;2.5
Alfarroba*Inteira*SP*II*Saco 50 kg*EUR/kg;Alfarroba; Algarve;Algarve;42;16-10-2017;0.3;0.37;0.33
Alfarroba*Triturado Grosso*SP*II*Saco 50 kg*EUR/kg;Alfarroba; Algarve;Algarve;42;16-10-2017;0.12;0.15;0.14
Alfarroba*Graínha*SP*I*Saco 50 kg*EUR/kg;Alfarroba; Algarve;Algarve;43;23-10-2017;2.2;2.6;2.5
Alfarroba*Inteira*SP*II*Saco 50 kg*EUR/kg;Alfarroba; Algarve;Algarve;43;23-10-2017;0.3;0.37;0.33
Alfarroba*Triturado Grosso*SP*II*Saco 50 kg*EUR/kg;Alfarroba; Algarve;Algarve;43;23-10-2017;0.12;0.15;0.14
Alfarroba*Graínha*SP*I*Saco 50 kg*EUR/kg;Alfarroba; Algarve;Algarve;44;30-10-2017;2.2;2.6;2.5
Alfarroba*Inteira*SP*II*Saco 50 kg*EUR/kg;Alfarroba; Algarve;Algarve;44;30-10-2017;0.3;0.37;0.33
Alfarroba*Triturado Grosso*SP*II*Saco 50 kg*EUR/kg;Alfarroba; Algarve;Algarve;44;30-10-2017;0.12;0.15;0.14
Alfarroba*Graínha*SP*I*Saco 50 kg*EUR/kg;Alfarroba; Algarve;Algarve;45;06-11-2017;3.0;4.0;3.5
Alfarroba*Inteira*SP*II*Saco 50 kg*EUR/kg;Alfarroba; Algarve;Algarve;45;06-11-2017;0.33;0.47;0.4
Alfarroba*Triturado Grosso*SP*II*Saco 50 kg*EUR/kg;Alfarroba; Algarve;Algarve;45;06-11-2017;0.13;0.16;0.14
Alfarroba*Graínha*SP*I*Saco 50 kg*EUR/kg;Alfarroba; Algarve;Algarve;46;13-11-2017;3.0;4.0;3.5
Alfarroba*Inteira*SP*II*Saco 50 kg*EUR/kg;Alfarroba; Algarve;Algarve;46;13-11-2017;0.33;0.47;0.4
Alfarroba*Triturado Grosso*SP*II*Saco 50 kg*EUR/kg;Alfarroba; Algarve;Algarve;46;13-11-2017;0.13;0.16;0.14
Alfarroba*Graínha*SP*I*Saco 50 kg*EUR/kg;Alfarroba; Algarve;Algarve;47;20-11-2017;3.0;4.0;3.5
Alfarroba*Inteira*SP*II*Saco 50 kg*EUR/kg;Alfarroba; Algarve;Algarve;47;20-11-2017;0.33;0.47;0.4
Alfarroba*Triturado Grosso*SP*II*Saco 50 kg*EUR/kg;Alfarroba; Algarve;Algarve;47;20-11-2017;0.13;0.16;0.14
Alfarroba*Graínha*SP*I*Saco 50 kg*EUR/kg;Alfarroba; Algarve;Algarve;48;27-11-2017;3.0;4.0;3.5
Alfarroba*Inteira*SP*II*Saco 50 kg*EUR/kg;Alfarroba; Algarve;Algarve;48;27-11-2017;0.33;0.47;0.4
Alfarroba*Graínha*SP*I*Saco 50 kg*EUR/kg;Alfarroba; Algarve;Algarve;28;06-07-2026;2.5;3.0;2.6
Alfarroba*Inteira*SP*II*Saco 50 kg*EUR/kg;Alfarroba; Algarve;Algarve;28;06-07-2026;0.43;0.48;0.45
Alfarroba*Triturado Grosso*SP*II*Saco 50 kg*EUR/kg;Alfarroba; Algarve;Algarve;28;06-07-2026;0.26;0.29;0.27
Alfarroba*Graínha*SP*I*Saco 50 kg*EUR/kg;Alfarroba; Algarve;Algarve;1;03-01-2011;1.65;1.8;1.75
Alfarroba*Inteira*SP*II*Saco 50 kg*EUR/kg;Alfarroba; Algarve;Algarve;1;03-01-2011;0.26;0.29;0.27
Alfarroba*Graínha*SP*I*Saco 50 kg*EUR/kg;Alfarroba; Algarve;Algarve;3;17-01-2011;1.65;1.8;1.75
Alfarroba*Inteira*SP*II*Saco 50 kg*EUR/kg;Alfarroba; Algarve;Algarve;3;17-01-2011;0.26;0.29;0.27
Alfarroba*Triturado Grosso*SP*II*Saco 50 kg*EUR/kg;Alfarroba; Algarve;Algarve;3;17-01-2011;0.12;0.15;0.13
Alfarroba*Graínha*SP*I*Saco 50 kg*EUR/kg;Alfarroba; Algarve;Algarve;4;24-01-2011;1.65;1.8;1.75
Alfarroba*Inteira*SP*II*Saco 50 kg*EUR/kg;Alfarroba; Algarve;Algarve;4;24-01-2011;0.26;0.29;0.27
Alfarroba*Triturado Grosso*SP*II*Saco 50 kg*EUR/kg;Alfarroba; Algarve;Algarve;8;21-02-2011;0.14;0.17;0.16
Alfarroba*Graínha*SP*I*Saco 50 kg*EUR/kg;Alfarroba; Algarve;Algarve;9;28-02-2011;1.65;1.8;1.7
Alfarroba*Inteira*SP*II*Saco 50 kg*EUR/kg;Alfarroba; Algarve;Algarve;9;28-02-2011;0.3;0.32;0.31
Alfarroba*Triturado Grosso*SP*II*Saco 50 kg*EUR/kg;Alfarroba; Algarve;Algarve;9;28-02-2011;0.14;0.16;0.15
Alfarroba*Triturado Grosso*SP*II*Saco 50 kg*EUR/kg;Alfarroba; Algarve;Algarve;11;14-03-2011;0.14;0.16;0.15
Alfarroba*Graínha*SP*I*Saco 50 kg*EUR/kg;Alfarroba; Algarve;Algarve;12;21-03-2011;1.65;1.8;1.7
Alfarroba*Inteira*SP*II*Saco 50 kg*EUR/kg;Alfarroba; Algarve;Algarve;12;21-03-2011;0.3;0.32;0.31
Alfarroba*Triturado Grosso*SP*II*Saco 50 kg*EUR/kg;Alfarroba; Algarve;Algarve;12;21-03-2011;0.14;0.16;0.15
Alfarroba*Graínha*SP*I*Saco 50 kg*EUR/kg;Alfarroba; Algarve;Algarve;13;28-03-2011;1.65;1.8;1.7
Alfarroba*Inteira*SP*II*Saco 50 kg*EUR/kg;Alfarroba; Algarve;Algarve;13;28-03-2011;0.3;0.31;0.3
Alfarroba*Triturado Grosso*SP*II*Saco 50 kg*EUR/kg;Alfarroba; Algarve;Algarve;14;04-04-2011;0.14;0.15;0.14
Alfarroba*Graínha*SP*I*Saco 50 kg*EUR/kg;Alfarroba; Algarve;Algarve;15;11-04-2011;1.65;1.8;1.7
Alfarroba*Inteira*SP*II*Saco 50 kg*EUR/kg;Alfarroba; Algarve;Algarve;15;11-04-2011;0.3;0.31;0.3
Alfarroba*Triturado Grosso*SP*II*Saco 50 kg*EUR/kg;Alfarroba; Algarve;Algarve;15;11-04-2011;0.14;0.15;0.14
Alfarroba*Graínha*SP*I*Saco 50 kg*EUR/kg;Alfarroba; Algarve;Algarve;16;18-04-2011;1.65;1.8;1.7
Alfarroba*Inteira*SP*II*Saco 50 kg*EUR/kg;Alfarroba; Algarve;Algarve;16;18-04-2011;0.3;0.31;0.3
Alfarroba*Triturado Grosso*SP*II*Saco 50 kg*EUR/kg;Alfarroba; Algarve;Algarve;20;16-05-2011;0.13;0.15;0.14
Alfarroba*Graínha*SP*I*Saco 50 kg*EUR/kg;Alfarroba; Algarve;Algarve;21;23-05-2011;1.65;1.8;1.7
Alfarroba*Inteira*SP*II*Saco 50 kg*EUR/kg;Alfarroba; Algarve;Algarve;21;23-05-2011;0.3;0.31;0.3
Alfarroba*Graínha*SP*I*Saco 50 kg*EUR/kg;Alfarroba; Algarve;Algarve;25;20-06-2011;1.6;1.75;1.7
Alfarroba*Inteira*SP*II*Saco 50 kg*EUR/kg;Alfarroba; Algarve;Algarve;25;20-06-2011;0.3;0.31;0.3
Alfarroba*Triturado Grosso*SP*II*Saco 50 kg*EUR/kg;Alfarroba; Algarve;Algarve;25;20-06-2011;0.13;0.15;0.14
Alfarroba*Graínha*SP*I*Saco 50 kg*EUR/kg;Alfarroba; Algarve;Algarve;26;27-06-2011;1.6;1.75;1.7
Alfarroba*Inteira*SP*II*Saco 50 kg*EUR/kg;Alfarroba; Algarve;Algarve;26;27-06-2011;0.29;0.3;0.3
Alfarroba*Triturado Grosso*SP*II*Saco 50 kg*EUR/kg;Alfarroba; Algarve;Algarve;26;27-06-2011;0.12;0.14;0.13
Alfarroba*Graínha*SP*I*Saco 50 kg*EUR/kg;Alfarroba; Algarve;Algarve;27;04-07-2011;1.6;1.75;1.7
Alfarroba*Inteira*SP*II*Saco 50 kg*EUR/kg;Alfarroba; Algarve;Algarve;27;04-07-2011;0.29;0.3;0.3
Alfarroba*Triturado Grosso*SP*II*Saco 50 kg*EUR/kg;Alfarroba; Algarve;Algarve;27;04-07-2011;0.12;0.14;0.13
Alfarroba*Graínha*SP*I*Saco 50 kg*EUR/kg;Alfarroba; Algarve;Algarve;28;11-07-2011;1.6;1.75;1.7
Alfarroba*Inteira*SP*II*Saco 50 kg*EUR/kg;Alfarroba; Algarve;Algarve;28;11-07-2011;0.29;0.3;0.3
Alfarroba*Triturado Grosso*SP*II*Saco 50 kg*EUR/kg;Alfarroba; Algarve;Algarve;30;25-07-2011;0.12;0.14;0.13
Alfarroba*Graínha*SP*I*Saco 50 kg*EUR/kg;Alfarroba; Algarve;Algarve;31;01-08-2011;1.6;1.75;1.7
Alfarroba*Inteira*SP*II*Saco 50 kg*EUR/kg;Alfarroba; Algarve;Algarve;31;01-08-2011;0.25;0.29;0.27
Alfarroba*Triturado Grosso*SP*II*Saco 50 kg*EUR/kg;Alfarroba; Algarve;Algarve;31;01-08-2011;0.12;0.14;0.13
Alfarroba*Graínha*SP*I*Saco 50 kg*EUR/kg;Alfarroba; Algarve;Algarve;32;08-08-2011;1.6;1.75;1.7
Alfarroba*Inteira*SP*II*Saco 50 kg*EUR/kg;Alfarroba; Algarve;Algarve;32;08-08-2011;0.25;0.29;0.27
Alfarroba*Triturado Grosso*SP*II*Saco 50 kg*EUR/kg;Alfarroba; Algarve;Algarve;32;08-08-2011;0.12;0.14;0.13
Alfarroba*Graínha*SP*I*Saco 50 kg*EUR/kg;Alfarroba; Algarve;Algarve;33;15-08-2011;1.6;1.7;1.65
Alfarroba*Inteira*SP*II*Saco 50 kg*EUR/kg;Alfarroba; Algarve;Algarve;33;15-08-2011;0.25;0.29;0.27
Alfarroba*Graínha*SP*I*Saco 50 kg*EUR/kg;Alfarroba; Algarve;Algarve;35;29-08-2011;1.6;1.7;1.65
Alfarroba*Inteira*SP*II*Saco 50 kg*EUR/kg;Alfarroba; Algarve;Algarve;35;29-08-2011;0.25;0.27;0.26
Alfarroba*Triturado Grosso*SP*II*Saco 50 kg*EUR/kg;Alfarroba; Algarve;Algarve;35;29-08-2011;0.13;0.15;0.14
Alfarroba*Graínha*SP*I*Saco 50 kg*EUR/kg;Alfarroba; Algarve;Algarve;36;05-09-2011;1.6;1.7;1.65
Alfarroba*Inteira*SP*II*Saco 50 kg*EUR/kg;Alfarroba; Algarve;Algarve;36;05-09-2011;0.25;0.27;0.26
Alfarroba*Triturado Grosso*SP*II*Saco 50 kg*EUR/kg;Alfarroba; Algarve;Algarve;36;05-09-2011;0.13;0.15;0.14
Alfarroba*Graínha*SP*I*Saco 50 kg*EUR/kg;Alfarroba; Algarve;Algarve;37;12-09-2011;1.6;1.7;1.65
Alfarroba*Inteira*SP*II*Saco 50 kg*EUR/kg;Alfarroba; Algarve;Algarve;37;12-09-2011;0.25;0.27;0.26
Alfarroba*Triturado Grosso*SP*II*Saco 50 kg*EUR/kg;Alfarroba; Algarve;Algarve;37;12-09-2011;0.13;0.15;0.14
Alfarroba*Graínha*SP*I*Saco 50 kg*EUR/kg;Alfarroba; Algarve;Algarve;38;19-09-2011;1.6;1.7;1.67
Alfarroba*Inteira*SP*II*Saco 50 kg*EUR/kg;Alfarroba; Algarve;Algarve;38;19-09-2011;0.25;0.27;0.26
Alfarroba*Triturado Grosso*SP*II*Saco 50 kg*EUR/kg;Alfarroba; Algarve;Algarve;39;26-09-2011;0.11;0.14;0.13
Alfarroba*Graínha*SP*I*Saco 50 kg*EUR/kg;Alfarroba; Algarve;Algarve;40;03-10-2011;1.6;1.7;1.67
Alfarroba*Inteira*SP*II*Saco 50 kg*EUR/kg;Alfarroba; Algarve;Algarve;40;03-10-2011;0.25;0.27;0.26
Alfarroba*Triturado Grosso*SP*II*Saco 50 kg*EUR/kg;Alfarroba; Algarve;Algarve;40;03-10-2011;0.1;0.14;0.13
Alfarroba*Graínha*SP*I*Saco 50 kg*EUR/kg;Alfarroba; Algarve;Algarve;41;10-10-2011;1.6;1.7;1.67
Alfarroba*Inteira*SP*II*Saco 50 kg*EUR/kg;Alfarroba; Algarve;Algarve;41;10-10-2011;0.25;0.27;0.26
Alfarroba*Triturado Grosso*SP*II*Saco 50 kg*EUR/kg;Alfarroba; Algarve;Algarve;42;17-10-2011;0.1;0.14;0.13
Alfarroba*Graínha*SP*I*Saco 50 kg*EUR/kg;Alfarroba; Algarve;Algarve;43;24-10-2011;1.6;1.7;1.67
Alfarroba*Inteira*SP*II*Saco 50 kg*EUR/kg;Alfarroba; Algarve;Algarve;43;24-10-2011;0.25;0.27;0.26
Alfarroba*Triturado Grosso*SP*II*Saco 50 kg*EUR/kg;Alfarroba; Algarve;Algarve;43;24-10-2011;0.1;0.14;0.13
Alfarroba*Graínha*SP*I*Saco 50 kg*EUR/kg;Alfarroba; Algarve;Algarve;44;31-10-2011;1.6;1.7;1.67
Alfarroba*Inteira*SP*II*Saco 50 kg*EUR/kg;Alfarroba; Algarve;Algarve;44;31-10-2011;0.25;0.27;0.26
Alfarroba*Triturado Grosso*SP*II*Saco 50 kg*EUR/kg;Alfarroba; Algarve;Algarve;44;31-10-2011;0.1;0.14;0.13
Alfarroba*Graínha*SP*I*Saco 50 kg*EUR/kg;Alfarroba; Algarve;Algarve;45;07-11-2011;1.6;1.7;1.67
Alfarroba*Inteira*SP*II*Saco 50 kg*EUR/kg;Alfarroba; Algarve;Algarve;45;07-11-2011;0.25;0.27;0.26
Alfarroba*Triturado Grosso*SP*II*Saco 50 kg*EUR/kg;Alfarroba; Algarve;Algarve;47;21-11-2011;0.1;0.14;0.13
Alfarroba*Graínha*SP*I*Saco 50 kg*EUR/kg;Alfarroba; Algarve;Algarve;48;28-11-2011;1.6;1.7;1.67
Alfarroba*Inteira*SP*II*Saco 50 kg*EUR/kg;Alfarroba; Algarve;Algarve;48;28-11-2011;0.25;0.27;0.26
Alfarroba*Triturado Grosso*SP*II*Saco 50 kg*EUR/kg;Alfarroba; Algarve;Algarve;48;28-11-2011;0.1;0.14;0.13
Alfarroba*Graínha*SP*I*Saco 50 kg*EUR/kg;Alfarroba; Algarve;Algarve;49;05-12-2011;1.6;1.7;1.67
Alfarroba*Inteira*SP*II*Saco 50 kg*EUR/kg;Alfarroba; Algarve;Algarve;49;05-12-2011;0.25;0.27;0.26
Alfarroba*Triturado Grosso*SP*II*Saco 50 kg*EUR/kg;Alfarroba; Algarve;Algarve;49;05-12-2011;0.11;0.15;0.14
Alfarroba*Graínha*SP*I*Saco 50 kg*EUR/kg;Alfarroba; Algarve;Algarve;50;12-12-2011;1.6;1.7;1.67
Alfarroba*Inteira*SP*II*Saco 50 kg*EUR/kg;Alfarroba; Algarve;Algarve;50;12-12-2011;0.25;0.27;0.26
Alfarroba*Triturado Grosso*SP*II*Saco 50 kg*EUR/kg;Alfarroba; Algarve;Algarve;52;26-12-2011;0.11;0.15;0.14
Alfarroba*Graínha*SP*I*Saco 50 kg*EUR/kg;Alfarroba; Algarve;Algarve;1;02-01-2012;1.6;1.7;1.67
Alfarroba*Inteira*SP*II*Saco 50 kg*EUR/kg;Alfarroba; Algarve;Algarve;1;02-01-2012;0.25;0.27;0.26
Alfarroba*Triturado Grosso*SP*II*Saco 50 kg*EUR/kg;Alfarroba; Algarve;Algarve;1;02-01-2012;0.11;0.14;0.13
Alfarroba*Graínha*SP*I*Saco 50 kg*EUR/kg;Alfarroba; Algarve;Algarve;2;09-01-2012;1.6;1.7;1.67
Alfarroba*Inteira*SP*II*Saco 50 kg*EUR/kg;Alfarroba; Algarve;Algarve;2;09-01-2012;0.25;0.27;0.26
Alfarroba*Triturado Grosso*SP*II*Saco 50 kg*EUR/kg;Alfarroba; Algarve;Algarve;2;09-01-2012;0.11;0.14;0.13
Alfarroba*Graínha*SP*I*Saco 50 kg*EUR/kg;Alfarroba; Algarve;Algarve;3;16-01-2012;1.6;1.7;1.67
Alfarroba*Inteira*SP*II*Saco 50 kg*EUR/kg;Alfarroba; Algarve;Algarve;3;16-01-2012;0.25;0.27;0.26
Alfarroba*Triturado Grosso*SP*II*Saco 50 kg*EUR/kg;Alfarroba; Algarve;Algarve;3;16-01-2012;0.11;0.14;0.13
Alfarroba*Graínha*SP*I*Saco 50 kg*EUR/kg;Alfarroba; Algarve;Algarve;4;23-01-2012;1.6;1.7;1.67
Alfarroba*Inteira*SP*II*Saco 50 kg*EUR/kg;Alfarroba; Algarve;Algarve;4;23-01-2012;0.25;0.28;0.26
Alfarroba*Triturado Grosso*SP*II*Saco 50 kg*EUR/kg;Alfarroba; Algarve;Algarve;7;13-02-2012;0.15;0.18;0.17
Alfarroba*Graínha*SP*I*Saco 50 kg*EUR/kg;Alfarroba; Algarve;Algarve;8;20-02-2012;1.6;1.7;1.67
Alfarroba*Inteira*SP*II*Saco 50 kg*EUR/kg;Alfarroba; Algarve;Algarve;8;20-02-2012;0.28;0.3;0.29
Alfarroba*Triturado Grosso*SP*II*Saco 50 kg*EUR/kg;Alfarroba; Algarve;Algarve;8;20-02-2012;0.17;0.2;0.19
Alfarroba*Graínha*SP*I*Saco 50 kg*EUR/kg;Alfarroba; Algarve;Algarve;9;27-02-2012;1.6;1.7;1.67
Alfarroba*Inteira*SP*II*Saco 50 kg*EUR/kg;Alfarroba; Algarve;Algarve;9;27-02-2012;0.28;0.3;0.29
Alfarroba*Triturado Grosso*SP*II*Saco 50 kg*EUR/kg;Alfarroba; Algarve;Algarve;12;19-03-2012;0.17;0.2;0.19
Alfarroba*Graínha*SP*I*Saco 50 kg*EUR/kg;Alfarroba; Algarve;Algarve;13;26-03-2012;1.6;1.7;1.67
Alfarroba*Inteira*SP*II*Saco 50 kg*EUR/kg;Alfarroba; Algarve;Algarve;13;26-03-2012;0.29;0.32;0.3
Alfarroba*Triturado Grosso*SP*II*Saco 50 kg*EUR/kg;Alfarroba; Algarve;Algarve;13;26-03-2012;0.17;0.2;0.19
Alfarroba*Graínha*SP*I*Saco 50 kg*EUR/kg;Alfarroba; Algarve;Algarve;14;02-04-2012;1.6;1.7;1.67
Alfarroba*Inteira*SP*II*Saco 50 kg*EUR/kg;Alfarroba; Algarve;Algarve;14;02-04-2012;0.29;0.32;0.3
Alfarroba*Triturado Grosso*SP*II*Saco 50 kg*EUR/kg;Alfarroba; Algarve;Algarve;15;09-04-2012;0.17;0.2;0.19
Alfarroba*Graínha*SP*I*Saco 50 kg*EUR/kg;Alfarroba; Algarve;Algarve;16;16-04-2012;1.6;1.7;1.67
Alfarroba*Inteira*SP*II*Saco 50 kg*EUR/kg;Alfarroba; Algarve;Algarve;16;16-04-2012;0.3;0.33;0.32
Alfarroba*Triturado Grosso*SP*II*Saco 50 kg*EUR/kg;Alfarroba; Algarve;Algarve;16;16-04-2012;0.17;0.2;0.19
Alfarroba*Graínha*SP*I*Saco 50 kg*EUR/kg;Alfarroba; Algarve;Algarve;17;23-04-2012;1.6;1.7;1.67
Alfarroba*Inteira*SP*II*Saco 50 kg*EUR/kg;Alfarroba; Algarve;Algarve;17;23-04-2012;0.3;0.33;0.32
Alfarroba*Triturado Grosso*SP*II*Saco 50 kg*EUR/kg;Alfarroba; Algarve;Algarve;19;07-05-2012;0.17;0.2;0.19
Alfarroba*Graínha*SP*I*Saco 50 kg*EUR/kg;Alfarroba; Algarve;Algarve;20;14-05-2012;1.6;1.7;1.67
Alfarroba*Inteira*SP*II*Saco 50 kg*EUR/kg;Alfarroba; Algarve;Algarve;20;14-05-2012;0.3;0.34;0.33
Alfarroba*Triturado Grosso*SP*II*Saco 50 kg*EUR/kg;Alfarroba; Algarve;Algarve;22;28-05-2012;0.17;0.2;0.19
Alfarroba*Graínha*SP*I*Saco 50 kg*EUR/kg;Alfarroba; Algarve;Algarve;23;04-06-2012;1.6;1.7;1.67
Alfarroba*Inteira*SP*II*Saco 50 kg*EUR/kg;Alfarroba; Algarve;Algarve;23;04-06-2012;0.3;0.34;0.33
Alfarroba*Triturado Grosso*SP*II*Saco 50 kg*EUR/kg;Alfarroba; Algarve;Algarve;25;18-06-2012;0.17;0.2;0.19
Alfarroba*Graínha*SP*I*Saco 50 kg*EUR/kg;Alfarroba; Algarve;Algarve;26;25-06-2012;1.6;1.7;1.67
Alfarroba*Inteira*SP*II*Saco 50 kg*EUR/kg;Alfarroba; Algarve;Algarve;26;25-06-2012;0.3;0.34;0.33
Alfarroba*Triturado Grosso*SP*II*Saco 50 kg*EUR/kg;Alfarroba; Algarve;Algarve;28;09-07-2012;0.17;0.2;0.18
Alfarroba*Graínha*SP*I*Saco 50 kg*EUR/kg;Alfarroba; Algarve;Algarve;29;16-07-2012;1.6;1.7;1.67
Alfarroba*Inteira*SP*II*Saco 50 kg*EUR/kg;Alfarroba; Algarve;Algarve;29;16-07-2012;0.3;0.34;0.3
Alfarroba*Triturado Grosso*SP*II*Saco 50 kg*EUR/kg;Alfarroba; Algarve;Algarve;31;30-07-2012;0.17;0.2;0.18
Alfarroba*Graínha*SP*I*Saco 50 kg*EUR/kg;Alfarroba; Algarve;Algarve;32;06-08-2012;1.6;1.7;1.67
Alfarroba*Inteira*SP*II*Saco 50 kg*EUR/kg;Alfarroba; Algarve;Algarve;32;06-08-2012;0.3;0.33;0.3
Alfarroba*Triturado Grosso*SP*II*Saco 50 kg*EUR/kg;Alfarroba; Algarve;Algarve;36;03-09-2012;0.17;0.2;0.18
Alfarroba*Graínha*SP*I*Saco 50 kg*EUR/kg;Alfarroba; Algarve;Algarve;37;10-09-2012;1.6;1.7;1.67
Alfarroba*Inteira*SP*II*Saco 50 kg*EUR/kg;Alfarroba; Algarve;Algarve;37;10-09-2012;0.28;0.3;0.28
Alfarroba*Triturado Grosso*SP*II*Saco 50 kg*EUR/kg;Alfarroba; Algarve;Algarve;37;10-09-2012;0.18;0.22;0.19
Alfarroba*Triturado Grosso*SP*II*Saco 50 kg*EUR/kg;Alfarroba; Algarve;Algarve;39;24-09-2012;0.18;0.22;0.19
Alfarroba*Graínha*SP*I*Saco 50 kg*EUR/kg;Alfarroba; Algarve;Algarve;40;01-10-2012;1.6;1.7;1.67
Alfarroba*Inteira*SP*II*Saco 50 kg*EUR/kg;Alfarroba; Algarve;Algarve;40;01-10-2012;0.28;0.3;0.28
Alfarroba*Triturado Grosso*SP*II*Saco 50 kg*EUR/kg;Alfarroba; Algarve;Algarve;40;01-10-2012;0.18;0.22;0.19
Alfarroba*Graínha*SP*I*Saco 50 kg*EUR/kg;Alfarroba; Algarve;Algarve;41;08-10-2012;1.6;1.7;1.67
Alfarroba*Inteira*SP*II*Saco 50 kg*EUR/kg;Alfarroba; Algarve;Algarve;41;08-10-2012;0.3;0.32;0.31
Alfarroba*Triturado Grosso*SP*II*Saco 50 kg*EUR/kg;Alfarroba; Algarve;Algarve;45;05-11-2012;0.22;0.25;0.24
Alfarroba*Graínha*SP*I*Saco 50 kg*EUR/kg;Alfarroba; Algarve;Algarve;46;12-11-2012;1.6;1.7;1.67
Alfarroba*Inteira*SP*II*Saco 50 kg*EUR/kg;Alfarroba; Algarve;Algarve;46;12-11-2012;0.3;0.33;0.32
Alfarroba*Triturado Grosso*SP*II*Saco 50 kg*EUR/kg;Alfarroba; Algarve;Algarve;48;26-11-2012;0.22;0.25;0.24
Alfarroba*Graínha*SP*I*Saco 50 kg*EUR/kg;Alfarroba; Algarve;Algarve;49;03-12-2012;1.6;1.7;1.67
Alfarroba*Inteira*SP*II*Saco 50 kg*EUR/kg;Alfarroba; Algarve;Algarve;49;03-12-2012;0.32;0.34;0.33
Alfarroba*Triturado Grosso*SP*II*Saco 50 kg*EUR/kg;Alfarroba; Algarve;Algarve;49;03-12-2012;0.22;0.25;0.24
Alfarroba*Graínha*SP*I*Saco 50 kg*EUR/kg;Alfarroba; Algarve;Algarve;50;10-12-2012;1.6;1.7;1.67
Alfarroba*Inteira*SP*II*Saco 50 kg*EUR/kg;Alfarroba; Algarve;Algarve;50;10-12-2012;0.33;0.35;0.34
Alfarroba*Triturado Grosso*SP*II*Saco 50 kg*EUR/kg;Alfarroba; Algarve;Algarve;51;17-12-2012;0.22;0.24;0.23
Alfarroba*Graínha*SP*I*Saco 50 kg*EUR/kg;Alfarroba; Algarve;Algarve;52;24-12-2012;1.6;1.7;1.67
Alfarroba*Inteira*SP*II*Saco 50 kg*EUR/kg;Alfarroba; Algarve;Algarve;52;24-12-2012;0.33;0.35;0.34
Alfarroba*Triturado Grosso*SP*II*Saco 50 kg*EUR/kg;Alfarroba; Algarve;Algarve;52;24-12-2012;0.22;0.24;0.23
Alfarroba*Graínha*SP*I*Saco 50 kg*EUR/kg;Alfarroba; Algarve;Algarve;1;31-12-2012;1.6;1.7;1.67
Alfarroba*Inteira*SP*II*Saco 50 kg*EUR/kg;Alfarroba; Algarve;Algarve;1;31-12-2012;0.33;0.34;0.33
Alfarroba*Graínha*SP*I*Saco 50 kg*EUR/kg;Alfarroba; Algarve;Algarve;3;14-01-2013;1.6;1.7;1.67
Alfarroba*Inteira*SP*II*Saco 50 kg*EUR/kg;Alfarroba; Algarve;Algarve;3;14-01-2013;0.33;0.34;0.33
Alfarroba*Triturado Grosso*SP*II*Saco 50 kg*EUR/kg;Alfarroba; Algarve;Algarve;3;14-01-2013;0.2;0.24;0.23
Alfarroba*Graínha*SP*I*Saco 50 kg*EUR/kg;Alfarroba; Algarve;Algarve;4;21-01-2013;1.6;1.7;1.67
Alfarroba*Inteira*SP*II*Saco 50 kg*EUR/kg;Alfarroba; Algarve;Algarve;4;21-01-2013;0.33;0.34;0.33
Alfarroba*Triturado Grosso*SP*II*Saco 50 kg*EUR/kg;Alfarroba; Algarve;Algarve;8;18-02-2013;0.22;0.25;0.23
Alfarroba*Graínha*SP*I*Saco 50 kg*EUR/kg;Alfarroba; Algarve;Algarve;9;25-02-2013;1.6;1.7;1.67
Alfarroba*Inteira*SP*II*Saco 50 kg*EUR/kg;Alfarroba; Algarve;Algarve;9;25-02-2013;0.33;0.35;0.34
Alfarroba*Triturado Grosso*SP*II*Saco 50 kg*EUR/kg;Alfarroba; Algarve;Algarve;9;25-02-2013;0.21;0.24;0.23
Alfarroba*Graínha*SP*I*Saco 50 kg*EUR/kg;Alfarroba; Algarve;Algarve;10;04-03-2013;1.6;1.7;1.67
Alfarroba*Inteira*SP*II*Saco 50 kg*EUR/kg;Alfarroba; Algarve;Algarve;10;04-03-2013;0.33;0.35;0.34
Alfarroba*Triturado Grosso*SP*II*Saco 50 kg*EUR/kg;Alfarroba; Algarve;Algarve;12;18-03-2013;0.21;0.25;0.23
Alfarroba*Graínha*SP*I*Saco 50 kg*EUR/kg;Alfarroba; Algarve;Algarve;13;25-03-2013;1.6;1.75;1.67
Alfarroba*Inteira*SP*II*Saco 50 kg*EUR/kg;Alfarroba; Algarve;Algarve;13;25-03-2013;0.33;0.36;0.34
Alfarroba*Triturado Grosso*SP*II*Saco 50 kg*EUR/kg;Alfarroba; Algarve;Algarve;13;25-03-2013;0.21;0.24;0.23
Alfarroba*Graínha*SP*I*Saco 50 kg*EUR/kg;Alfarroba; Algarve;Algarve;14;01-04-2013;1.6;1.75;1.67
Alfarroba*Inteira*SP*II*Saco 50 kg*EUR/kg;Alfarroba; Algarve;Algarve;14;01-04-2013;0.33;0.36;0.34
Alfarroba*Triturado Grosso*SP*II*Saco 50 kg*EUR/kg;Alfarroba; Algarve;Algarve;18;29-04-2013;0.2;0.22;0.21
Alfarroba*Graínha*SP*I*Saco 50 kg*EUR/kg;Alfarroba; Algarve;Algarve;19;06-05-2013;1.6;1.8;1.67
Alfarroba*Inteira*SP*II*Saco 50 kg*EUR/kg;Alfarroba; Algarve;Algarve;19;06-05-2013;0.33;0.35;0.34
Alfarroba*Triturado Grosso*SP*II*Saco 50 kg*EUR/kg;Alfarroba; Algarve;Algarve;19;06-05-2013;0.2;0.22;0.21
Alfarroba*Triturado Grosso*SP*II*Saco 50 kg*EUR/kg;Alfarroba; Algarve;Algarve;24;10-06-2013;0.19;0.24;0.23
Alfarroba*Graínha*SP*I*Saco 50 kg*EUR/kg;Alfarroba; Algarve;Algarve;25;17-06-2013;1.6;1.8;1.67
Alfarroba*Inteira*SP*II*Saco 50 kg*EUR/kg;Alfarroba; Algarve;Algarve;25;17-06-2013;0.33;0.34;0.34
Alfarroba*Triturado Grosso*SP*II*Saco 50 kg*EUR/kg;Alfarroba; Algarve;Algarve;25;17-06-2013;0.19;0.23;0.2
Alfarroba*Graínha*SP*I*Saco 50 kg*EUR/kg;Alfarroba; Algarve;Algarve;26;24-06-2013;1.6;1.8;1.67
Alfarroba*Inteira*SP*II*Saco 50 kg*EUR/kg;Alfarroba; Algarve;Algarve;26;24-06-2013;0.33;0.34;0.34
Alfarroba*Triturado Grosso*SP*II*Saco 50 kg*EUR/kg;Alfarroba; Algarve;Algarve;29;15-07-2013;0.19;0.23;0.21
Alfarroba*Graínha*SP*I*Saco 50 kg*EUR/kg;Alfarroba; Algarve;Algarve;30;22-07-2013;1.6;1.8;1.67
Alfarroba*Inteira*SP*II*Saco 50 kg*EUR/kg;Alfarroba; Algarve;Algarve;30;22-07-2013;0.3;0.33;0.33
Alfarroba*Triturado Grosso*SP*II*Saco 50 kg*EUR/kg;Alfarroba; Algarve;Algarve;30;22-07-2013;0.19;0.23;0.21
Alfarroba*Graínha*SP*I*Saco 50 kg*EUR/kg;Alfarroba; Algarve;Algarve;31;29-07-2013;1.6;1.8;1.67
Alfarroba*Inteira*SP*II*Saco 50 kg*EUR/kg;Alfarroba; Algarve;Algarve;31;29-07-2013;0.3;0.33;0.33
Alfarroba*Triturado Grosso*SP*II*Saco 50 kg*EUR/kg;Alfarroba; Algarve;Algarve;31;29-07-2013;0.18;0.22;0.2
Alfarroba*Graínha*SP*I*Saco 50 kg*EUR/kg;Alfarroba; Algarve;Algarve;32;05-08-2013;1.6;1.8;1.67
Alfarroba*Inteira*SP*II*Saco 50 kg*EUR/kg;Alfarroba; Algarve;Algarve;32;05-08-2013;0.3;0.33;0.33
Alfarroba*Graínha*SP*I*Saco 50 kg*EUR/kg;Alfarroba; Algarve;Algarve;34;19-08-2013;1.6;1.8;1.67
Alfarroba*Inteira*SP*II*Saco 50 kg*EUR/kg;Alfarroba; Algarve;Algarve;34;19-08-2013;0.28;0.33;0.3
Alfarroba*Triturado Grosso*SP*II*Saco 50 kg*EUR/kg;Alfarroba; Algarve;Algarve;34;19-08-2013;0.18;0.22;0.19
Alfarroba*Graínha*SP*I*Saco 50 kg*EUR/kg;Alfarroba; Algarve;Algarve;35;26-08-2013;1.6;1.8;1.67
Alfarroba*Inteira*SP*II*Saco 50 kg*EUR/kg;Alfarroba; Algarve;Algarve;35;26-08-2013;0.28;0.33;0.3
Alfarroba*Triturado Grosso*SP*II*Saco 50 kg*EUR/kg;Alfarroba; Algarve;Algarve;35;26-08-2013;0.17;0.2;0.19
Alfarroba*Graínha*SP*I*Saco 50 kg*EUR/kg;Alfarroba; Algarve;Algarve;36;02-09-2013;1.9;1.9;1.9
Alfarroba*Inteira*SP*II*Saco 50 kg*EUR/kg;Alfarroba; Algarve;Algarve;36;02-09-2013;0.3;0.33;0.32
Alfarroba*Triturado Grosso*SP*II*Saco 50 kg*EUR/kg;Alfarroba; Algarve;Algarve;36;02-09-2013;0.18;0.2;0.19
Alfarroba*Graínha*SP*I*Saco 50 kg*EUR/kg;Alfarroba; Algarve;Algarve;37;09-09-2013;1.9;1.9;1.9
Alfarroba*Inteira*SP*II*Saco 50 kg*EUR/kg;Alfarroba; Algarve;Algarve;37;09-09-2013;0.3;0.33;0.31
Alfarroba*Triturado Grosso*SP*II*Saco 50 kg*EUR/kg;Alfarroba; Algarve;Algarve;38;16-09-2013;0.18;0.2;0.19
Alfarroba*Graínha*SP*I*Saco 50 kg*EUR/kg;Alfarroba; Algarve;Algarve;39;23-09-2013;1.9;1.9;1.9
Alfarroba*Inteira*SP*II*Saco 50 kg*EUR/kg;Alfarroba; Algarve;Algarve;39;23-09-2013;0.3;0.33;0.31
Alfarroba*Triturado Grosso*SP*II*Saco 50 kg*EUR/kg;Alfarroba; Algarve;Algarve;39;23-09-2013;0.18;0.2;0.19
Alfarroba*Graínha*SP*I*Saco 50 kg*EUR/kg;Alfarroba; Algarve;Algarve;40;30-09-2013;1.8;1.85;1.8
Alfarroba*Inteira*SP*II*Saco 50 kg*EUR/kg;Alfarroba; Algarve;Algarve;40;30-09-2013;0.3;0.33;0.31
Alfarroba*Triturado Grosso*SP*II*Saco 50 kg*EUR/kg;Alfarroba; Algarve;Algarve;41;07-10-2013;0.17;0.2;0.18
Alfarroba*Graínha*SP*I*Saco 50 kg*EUR/kg;Alfarroba; Algarve;Algarve;42;14-10-2013;1.8;1.85;1.8
Alfarroba*Inteira*SP*II*Saco 50 kg*EUR/kg;Alfarroba; Algarve;Algarve;42;14-10-2013;0.3;0.33;0.32
Alfarroba*Triturado Grosso*SP*II*Saco 50 kg*EUR/kg;Alfarroba; Algarve;Algarve;42;14-10-2013;0.17;0.2;0.18
Alfarroba*Graínha*SP*I*Saco 50 kg*EUR/kg;Alfarroba; Algarve;Algarve;43;21-10-2013;1.8;1.95;1.8
Alfarroba*Inteira*SP*II*Saco 50 kg*EUR/kg;Alfarroba; Algarve;Algarve;43;21-10-2013;0.3;0.33;0.32
Alfarroba*Graínha*SP*I*Saco 50 kg*EUR/kg;Alfarroba; Algarve;Algarve;45;04-11-2013;1.8;1.95;1.8
Alfarroba*Inteira*SP*II*Saco 50 kg*EUR/kg;Alfarroba; Algarve;Algarve;45;04-11-2013;0.3;0.33;0.32
Alfarroba*Triturado Grosso*SP*II*Saco 50 kg*EUR/kg;Alfarroba; Algarve;Algarve;45;04-11-2013;0.18;0.2;0.19
Alfarroba*Graínha*SP*I*Saco 50 kg*EUR/kg;Alfarroba; Algarve;Algarve;46;11-11-2013;1.8;1.95;1.8
Alfarroba*Inteira*SP*II*Saco 50 kg*EUR/kg;Alfarroba; Algarve;Algarve;46;11-11-2013;0.3;0.33;0.32
Alfarroba*Triturado Grosso*SP*II*Saco 50 kg*EUR/kg;Alfarroba; Algarve;Algarve;48;25-11-2013;0.19;0.22;0.2
Alfarroba*Graínha*SP*I*Saco 50 kg*EUR/kg;Alfarroba; Algarve;Algarve;49;02-12-2013;1.8;1.95;1.8
Alfarroba*Inteira*SP*II*Saco 50 kg*EUR/kg;Alfarroba; Algarve;Algarve;49;02-12-2013;0.3;0.33;0.32
Alfarroba*Triturado Grosso*SP*II*Saco 50 kg*EUR/kg;Alfarroba; Algarve;Algarve;49;02-12-2013;0.19;0.22;0.2
Alfarroba*Graínha*SP*I*Saco 50 kg*EUR/kg;Alfarroba; Algarve;Algarve;50;09-12-2013;1.8;1.95;1.8
Alfarroba*Inteira*SP*II*Saco 50 kg*EUR/kg;Alfarroba; Algarve;Algarve;50;09-12-2013;0.3;0.34;0.33
Alfarroba*Triturado Grosso*SP*II*Saco 50 kg*EUR/kg;Alfarroba; Algarve;Algarve;51;16-12-2013;0.18;0.22;0.2
Alfarroba*Graínha*SP*I*Saco 50 kg*EUR/kg;Alfarroba; Algarve;Algarve;52;23-12-2013;1.8;2.0;1.8
Alfarroba*Inteira*SP*II*Saco 50 kg*EUR/kg;Alfarroba; Algarve;Algarve;52;23-12-2013;0.3;0.35;0.33
Alfarroba*Triturado Grosso*SP*II*Saco 50 kg*EUR/kg;Alfarroba; Algarve;Algarve;52;23-12-2013;0.18;0.22;0.2
Alfarroba*Graínha*SP*I*Saco 50 kg*EUR/kg;Alfarroba; Algarve;Algarve;1;30-12-2013;1.8;2.0;1.8
Alfarroba*Inteira*SP*II*Saco 50 kg*EUR/kg;Alfarroba; Algarve;Algarve;1;30-12-2013;0.3;0.35;0.33
Alfarroba*Triturado Grosso*SP*II*Saco 50 kg*EUR/kg;Alfarroba; Algarve;Algarve;3;13-01-2014;0.18;0.23;0.2
Alfarroba*Graínha*SP*I*Saco 50 kg*EUR/kg;Alfarroba; Algarve;Algarve;4;20-01-2014;1.8;2.0;1.8
Alfarroba*Inteira*SP*II*Saco 50 kg*EUR/kg;Alfarroba; Algarve;Algarve;4;20-01-2014;0.3;0.36;0.35
Alfarroba*Triturado Grosso*SP*II*Saco 50 kg*EUR/kg;Alfarroba; Algarve;Algarve;6;03-02-2014;0.18;0.22;0.2
Alfarroba*Graínha*SP*I*Saco 50 kg*EUR/kg;Alfarroba; Algarve;Algarve;7;10-02-2014;1.8;2.0;1.8
Alfarroba*Inteira*SP*II*Saco 50 kg*EUR/kg;Alfarroba; Algarve;Algarve;7;10-02-2014;0.3;0.35;0.34
Alfarroba*Triturado Grosso*SP*II*Saco 50 kg*EUR/kg;Alfarroba; Algarve;Algarve;7;10-02-2014;0.18;0.22;0.2
Alfarroba*Graínha*SP*I*Saco 50 kg*EUR/kg;Alfarroba; Algarve;Algarve;8;17-02-2014;1.8;2.0;1.8
Alfarroba*Inteira*SP*II*Saco 50 kg*EUR/kg;Alfarroba; Algarve;Algarve;8;17-02-2014;0.3;0.35;0.34
Alfarroba*Triturado Grosso*SP*II*Saco 50 kg*EUR/kg;Alfarroba; Algarve;Algarve;10;03-03-2014;0.18;0.21;0.2
Alfarroba*Graínha*SP*I*Saco 50 kg*EUR/kg;Alfarroba; Algarve;Algarve;11;10-03-2014;2.0;2.3;2.0
Alfarroba*Inteira*SP*II*Saco 50 kg*EUR/kg;Alfarroba; Algarve;Algarve;11;10-03-2014;0.34;0.4;0.36
Alfarroba*Triturado Grosso*SP*II*Saco 50 kg*EUR/kg;Alfarroba; Algarve;Algarve;11;10-03-2014;0.19;0.22;0.2
Alfarroba*Graínha*SP*I*Saco 50 kg*EUR/kg;Alfarroba; Algarve;Algarve;12;17-03-2014;2.0;2.3;2.0
Alfarroba*Triturado Grosso*SP*II*Saco 50 kg*EUR/kg;Alfarroba; Algarve;Algarve;13;24-03-2014;0.19;0.22;0.2
Alfarroba*Graínha*SP*I*Saco 50 kg*EUR/kg;Alfarroba; Algarve;Algarve;14;31-03-2014;2.0;2.3;2.0
Alfarroba*Inteira*SP*II*Saco 50 kg*EUR/kg;Alfarroba; Algarve;Algarve;14;31-03-2014;0.34;0.4;0.36
Alfarroba*Triturado Grosso*SP*II*Saco 50 kg*EUR/kg;Alfarroba; Algarve;Algarve;14;31-03-2014;0.19;0.22;0.2
Alfarroba*Graínha*SP*I*Saco 50 kg*EUR/kg;Alfarroba; Algarve;Algarve;15;07-04-2014;2.2;2.5;2.3
Alfarroba*Inteira*SP*II*Saco 50 kg*EUR/kg;Alfarroba; Algarve;Algarve;15;07-04-2014;0.34;0.4;0.36
Alfarroba*Triturado Grosso*SP*II*Saco 50 kg*EUR/kg;Alfarroba; Algarve;Algarve;17;21-04-2014;0.18;0.21;0.2
Alfarroba*Graínha*SP*I*Saco 50 kg*EUR/kg;Alfarroba; Algarve;Algarve;18;28-04-2014;2.2;2.5;2.3
Alfarroba*Inteira*SP*II*Saco 50 kg*EUR/kg;Alfarroba; Algarve;Algarve;18;28-04-2014;0.34;0.4;0.36
Alfarroba*Triturado Grosso*SP*II*Saco 50 kg*EUR/kg;Alfarroba; Algarve;Algarve;20;12-05-2014;0.18;0.22;0.21
Alfarroba*Graínha*SP*I*Saco 50 kg*EUR/kg;Alfarroba; Algarve;Algarve;21;19-05-2014;2.2;2.5;2.3
Alfarroba*Inteira*SP*II*Saco 50 kg*EUR/kg;Alfarroba; Algarve;Algarve;21;19-05-2014;0.33;0.4;0.36
Alfarroba*Triturado Grosso*SP*II*Saco 50 kg*EUR/kg;Alfarroba; Algarve;Algarve;23;02-06-2014;0.17;0.22;0.21
Alfarroba*Inteira*SP*II*Saco 50 kg*EUR/kg;Alfarroba; Algarve;Algarve;24;09-06-2014;0.33;0.4;0.36
Alfarroba*Triturado Grosso*SP*II*Saco 50 kg*EUR/kg;Alfarroba; Algarve;Algarve;24;09-06-2014;0.17;0.22;0.21
Alfarroba*Inteira*SP*II*Saco 50 kg*EUR/kg;Alfarroba; Algarve;Algarve;25;16-06-2014;0.33;0.4;0.36
Alfarroba*Triturado Grosso*SP*II*Saco 50 kg*EUR/kg;Alfarroba; Algarve;Algarve;28;07-07-2014;0.16;0.22;0.21
Alfarroba*Inteira*SP*II*Saco 50 kg*EUR/kg;Alfarroba; Algarve;Algarve;29;14-07-2014;0.3;0.37;0.36
Alfarroba*Triturado Grosso*SP*II*Saco 50 kg*EUR/kg;Alfarroba; Algarve;Algarve;29;14-07-2014;0.16;0.22;0.2
Alfarroba*Inteira*SP*II*Saco 50 kg*EUR/kg;Alfarroba; Algarve;Algarve;30;21-07-2014;0.3;0.36;0.33
Alfarroba*Triturado Grosso*SP*II*Saco 50 kg*EUR/kg;Alfarroba; Algarve;Algarve;31;28-07-2014;0.15;0.21;0.2
Alfarroba*Inteira*SP*II*Saco 50 kg*EUR/kg;Alfarroba; Algarve;Algarve;32;04-08-2014;0.3;0.36;0.33
Alfarroba*Triturado Grosso*SP*II*Saco 50 kg*EUR/kg;Alfarroba; Algarve;Algarve;32;04-08-2014;0.14;0.2;0.18
Alfarroba*Inteira*SP*II*Saco 50 kg*EUR/kg;Alfarroba; Algarve;Algarve;33;11-08-2014;0.3;0.36;0.33
Alfarroba*Triturado Grosso*SP*II*Saco 50 kg*EUR/kg;Alfarroba; Algarve;Algarve;35;25-08-2014;0.14;0.2;0.15
Alfarroba*Inteira*SP*II*Saco 50 kg*EUR/kg;Alfarroba; Algarve;Algarve;36;01-09-2014;0.3;0.36;0.33
Alfarroba*Triturado Grosso*SP*II*Saco 50 kg*EUR/kg;Alfarroba; Algarve;Algarve;38;15-09-2014;0.14;0.2;0.15
Alfarroba*Graínha*SP*I*Saco 50 kg*EUR/kg;Alfarroba; Algarve;Algarve;39;22-09-2014;2.0;2.3;2.0
Alfarroba*Inteira*SP*II*Saco 50 kg*EUR/kg;Alfarroba; Algarve;Algarve;39;22-09-2014;0.3;0.33;0.3
Alfarroba*Triturado Grosso*SP*II*Saco 50 kg*EUR/kg;Alfarroba; Algarve;Algarve;39;22-09-2014;0.12;0.18;0.15
Alfarroba*Graínha*SP*I*Saco 50 kg*EUR/kg;Alfarroba; Algarve;Algarve;40;29-09-2014;2.0;2.3;2.0
Alfarroba*Inteira*SP*II*Saco 50 kg*EUR/kg;Alfarroba; Algarve;Algarve;40;29-09-2014;0.3;0.33;0.3
Alfarroba*Triturado Grosso*SP*II*Saco 50 kg*EUR/kg;Alfarroba; Algarve;Algarve;41;06-10-2014;0.12;0.15;0.13
Alfarroba*Graínha*SP*I*Saco 50 kg*EUR/kg;Alfarroba; Algarve;Algarve;42;13-10-2014;2.0;2.0;2.0
Alfarroba*Inteira*SP*II*Saco 50 kg*EUR/kg;Alfarroba; Algarve;Algarve;42;13-10-2014;0.3;0.33;0.3
Alfarroba*Triturado Grosso*SP*II*Saco 50 kg*EUR/kg;Alfarroba; Algarve;Algarve;42;13-10-2014;0.12;0.15;0.13
Alfarroba*Graínha*SP*I*Saco 50 kg*EUR/kg;Alfarroba; Algarve;Algarve;43;20-10-2014;2.0;2.0;2.0
Alfarroba*Inteira*SP*II*Saco 50 kg*EUR/kg;Alfarroba; Algarve;Algarve;43;20-10-2014;0.3;0.33;0.3
Alfarroba*Triturado Grosso*SP*II*Saco 50 kg*EUR/kg;Alfarroba; Algarve;Algarve;44;27-10-2014;0.12;0.16;0.13
Alfarroba*Graínha*SP*I*Saco 50 kg*EUR/kg;Alfarroba; Algarve;Algarve;45;03-11-2014;2.0;2.0;2.0
Alfarroba*Inteira*SP*II*Saco 50 kg*EUR/kg;Alfarroba; Algarve;Algarve;45;03-11-2014;0.28;0.33;0.3
Alfarroba*Triturado Grosso*SP*II*Saco 50 kg*EUR/kg;Alfarroba; Algarve;Algarve;45;03-11-2014;0.12;0.15;0.13
Alfarroba*Graínha*SP*I*Saco 50 kg*EUR/kg;Alfarroba; Algarve;Algarve;46;10-11-2014;2.0;2.0;2.0
Alfarroba*Inteira*SP*II*Saco 50 kg*EUR/kg;Alfarroba; Algarve;Algarve;46;10-11-2014;0.28;0.33;0.3
Alfarroba*Graínha*SP*I*Saco 50 kg*EUR/kg;Alfarroba; Algarve;Algarve;48;24-11-2014;2.0;2.0;2.0
Alfarroba*Inteira*SP*II*Saco 50 kg*EUR/kg;Alfarroba; Algarve;Algarve;48;24-11-2014;0.28;0.3;0.29
Alfarroba*Triturado Grosso*SP*II*Saco 50 kg*EUR/kg;Alfarroba; Algarve;Algarve;48;24-11-2014;0.1;0.15;0.11
Alfarroba*Graínha*SP*I*Saco 50 kg*EUR/kg;Alfarroba; Algarve;Algarve;49;01-12-2014;1.8;1.8;1.8
Alfarroba*Inteira*SP*II*Saco 50 kg*EUR/kg;Alfarroba; Algarve;Algarve;49;01-12-2014;0.28;0.3;0.29
Alfarroba*Triturado Grosso*SP*II*Saco 50 kg*EUR/kg;Alfarroba; Algarve;Algarve;49;01-12-2014;0.1;0.14;0.11
Alfarroba*Graínha*SP*I*Saco 50 kg*EUR/kg;Alfarroba; Algarve;Algarve;50;08-12-2014;1.8;1.8;1.8
Alfarroba*Inteira*SP*II*Saco 50 kg*EUR/kg;Alfarroba; Algarve;Algarve;50;08-12-2014;0.28;0.3;0.29
Alfarroba*Triturado Grosso*SP*II*Saco 50 kg*EUR/kg;Alfarroba; Algarve;Algarve;50;08-12-2014;0.1;0.14;0.11
Alfarroba*Graínha*SP*I*Saco 50 kg*EUR/kg;Alfarroba; Algarve;Algarve;51;15-12-2014;1.8;1.8;1.8
Alfarroba*Inteira*SP*II*Saco 50 kg*EUR/kg;Alfarroba; Algarve;Algarve;51;15-12-2014;0.28;0.3;0.29
Alfarroba*Triturado Grosso*SP*II*Saco 50 kg*EUR/kg;Alfarroba; Algarve;Algarve;1;29-12-2014;0.11;0.15;0.12
Alfarroba*Graínha*SP*I*Saco 50 kg*EUR/kg;Alfarroba; Algarve;Algarve;2;05-01-2015;1.8;1.9;1.8
Alfarroba*Inteira*SP*II*Saco 50 kg*EUR/kg;Alfarroba; Algarve;Algarve;2;05-01-2015;0.28;0.3;0.29
Alfarroba*Triturado Grosso*SP*II*Saco 50 kg*EUR/kg;Alfarroba; Algarve;Algarve;2;05-01-2015;0.11;0.15;0.12
Alfarroba*Graínha*SP*I*Saco 50 kg*EUR/kg;Alfarroba; Algarve;Algarve;3;12-01-2015;1.8;1.9;1.8
Alfarroba*Inteira*SP*II*Saco 50 kg*EUR/kg;Alfarroba; Algarve;Algarve;3;12-01-2015;0.28;0.3;0.29
Alfarroba*Triturado Grosso*SP*II*Saco 50 kg*EUR/kg;Alfarroba; Algarve;Algarve;3;12-01-2015;0.11;0.15;0.12
Alfarroba*Graínha*SP*I*Saco 50 kg*EUR/kg;Alfarroba; Algarve;Algarve;4;19-01-2015;1.8;1.9;1.8
Alfarroba*Inteira*SP*II*Saco 50 kg*EUR/kg;Alfarroba; Algarve;Algarve;4;19-01-2015;0.28;0.3;0.29
Alfarroba*Triturado Grosso*SP*II*Saco 50 kg*EUR/kg;Alfarroba; Algarve;Algarve;4;19-01-2015;0.11;0.15;0.12
Alfarroba*Graínha*SP*I*Saco 50 kg*EUR/kg;Alfarroba; Algarve;Algarve;5;26-01-2015;1.8;1.9;1.8
Alfarroba*Inteira*SP*II*Saco 50 kg*EUR/kg;Alfarroba; Algarve;Algarve;5;26-01-2015;0.28;0.3;0.29
Alfarroba*Triturado Grosso*SP*II*Saco 50 kg*EUR/kg;Alfarroba; Algarve;Algarve;7;09-02-2015;0.11;0.15;0.12
Alfarroba*Graínha*SP*I*Saco 50 kg*EUR/kg;Alfarroba; Algarve;Algarve;8;16-02-2015;1.8;1.9;1.8
Alfarroba*Inteira*SP*II*Saco 50 kg*EUR/kg;Alfarroba; Algarve;Algarve;8;16-02-2015;0.28;0.3;0.29
Alfarroba*Triturado Grosso*SP*II*Saco 50 kg*EUR/kg;Alfarroba; Algarve;Algarve;8;16-02-2015;0.11;0.15;0.12
Alfarroba*Graínha*SP*I*Saco 50 kg*EUR/kg;Alfarroba; Algarve;Algarve;9;23-02-2015;1.8;2.0;1.8
Alfarroba*Inteira*SP*II*Saco 50 kg*EUR/kg;Alfarroba; Algarve;Algarve;9;23-02-2015;0.3;0.32;0.31
Alfarroba*Triturado Grosso*SP*II*Saco 50 kg*EUR/kg;Alfarroba; Algarve;Algarve;11;09-03-2015;0.1;0.15;0.11
Alfarroba*Graínha*SP*I*Saco 50 kg*EUR/kg;Alfarroba; Algarve;Algarve;12;16-03-2015;1.8;2.0;1.8
Alfarroba*Inteira*SP*II*Saco 50 kg*EUR/kg;Alfarroba; Algarve;Algarve;12;16-03-2015;0.3;0.33;0.31
Alfarroba*Triturado Grosso*SP*II*Saco 50 kg*EUR/kg;Alfarroba; Algarve;Algarve;12;16-03-2015;0.1;0.15;0.11
Alfarroba*Graínha*SP*I*Saco 50 kg*EUR/kg;Alfarroba; Algarve;Algarve;13;23-03-2015;1.8;2.0;1.8
Alfarroba*Inteira*SP*II*Saco 50 kg*EUR/kg;Alfarroba; Algarve;Algarve;13;23-03-2015;0.3;0.33;0.31
Alfarroba*Triturado Grosso*SP*II*Saco 50 kg*EUR/kg;Alfarroba; Algarve;Algarve;13;23-03-2015;0.1;0.14;0.11
Alfarroba*Graínha*SP*I*Saco 50 kg*EUR/kg;Alfarroba; Algarve;Algarve;14;30-03-2015;1.8;2.0;1.8
Alfarroba*Inteira*SP*II*Saco 50 kg*EUR/kg;Alfarroba; Algarve;Algarve;14;30-03-2015;0.3;0.33;0.31
Alfarroba*Triturado Grosso*SP*II*Saco 50 kg*EUR/kg;Alfarroba; Algarve;Algarve;14;30-03-2015;0.1;0.14;0.11
Alfarroba*Triturado Grosso*SP*II*Saco 50 kg*EUR/kg;Alfarroba; Algarve;Algarve;18;27-04-2015;0.12;0.16;0.15
Alfarroba*Graínha*SP*I*Saco 50 kg*EUR/kg;Alfarroba; Algarve;Algarve;19;04-05-2015;1.8;2.0;1.8
Alfarroba*Inteira*SP*II*Saco 50 kg*EUR/kg;Alfarroba; Algarve;Algarve;19;04-05-2015;0.3;0.34;0.33
Alfarroba*Triturado Grosso*SP*II*Saco 50 kg*EUR/kg;Alfarroba; Algarve;Algarve;19;04-05-2015;0.12;0.16;0.15
Alfarroba*Graínha*SP*I*Saco 50 kg*EUR/kg;Alfarroba; Algarve;Algarve;20;11-05-2015;1.8;2.2;1.8
Alfarroba*Inteira*SP*II*Saco 50 kg*EUR/kg;Alfarroba; Algarve;Algarve;20;11-05-2015;0.3;0.35;0.34
Alfarroba*Triturado Grosso*SP*II*Saco 50 kg*EUR/kg;Alfarroba; Algarve;Algarve;22;25-05-2015;0.13;0.16;0.15
Alfarroba*Graínha*SP*I*Saco 50 kg*EUR/kg;Alfarroba; Algarve;Algarve;23;01-06-2015;1.8;2.2;2.0
Alfarroba*Inteira*SP*II*Saco 50 kg*EUR/kg;Alfarroba; Algarve;Algarve;23;01-06-2015;0.3;0.34;0.33
Alfarroba*Triturado Grosso*SP*II*Saco 50 kg*EUR/kg;Alfarroba; Algarve;Algarve;23;01-06-2015;0.13;0.16;0.15
Alfarroba*Graínha*SP*I*Saco 50 kg*EUR/kg;Alfarroba; Algarve;Algarve;24;08-06-2015;1.8;2.2;2.0
Alfarroba*Inteira*SP*II*Saco 50 kg*EUR/kg;Alfarroba; Algarve;Algarve;24;08-06-2015;0.3;0.34;0.33
Alfarroba*Triturado Grosso*SP*II*Saco 50 kg*EUR/kg;Alfarroba; Algarve;Algarve;26;22-06-2015;0.12;0.16;0.15
Alfarroba*Graínha*SP*I*Saco 50 kg*EUR/kg;Alfarroba; Algarve;Algarve;27;29-06-2015;1.8;2.2;2.0
Alfarroba*Inteira*SP*II*Saco 50 kg*EUR/kg;Alfarroba; Algarve;Algarve;27;29-06-2015;0.3;0.34;0.33
Alfarroba*Triturado Grosso*SP*II*Saco 50 kg*EUR/kg;Alfarroba; Algarve;Algarve;27;29-06-2015;0.12;0.16;0.15
Alfarroba*Graínha*SP*I*Saco 50 kg*EUR/kg;Alfarroba; Algarve;Algarve;28;06-07-2015;1.8;2.2;2.0
Alfarroba*Inteira*SP*II*Saco 50 kg*EUR/kg;Alfarroba; Algarve;Algarve;28;06-07-2015;0.3;0.34;0.33
Alfarroba*Triturado Grosso*SP*II*Saco 50 kg*EUR/kg;Alfarroba; Algarve;Algarve;30;20-07-2015;0.12;0.16;0.15
Alfarroba*Graínha*SP*I*Saco 50 kg*EUR/kg;Alfarroba; Algarve;Algarve;31;27-07-2015;1.8;2.2;2.0
Alfarroba*Inteira*SP*II*Saco 50 kg*EUR/kg;Alfarroba; Algarve;Algarve;31;27-07-2015;0.3;0.34;0.33
Alfarroba*Triturado Grosso*SP*II*Saco 50 kg*EUR/kg;Alfarroba; Algarve;Algarve;33;10-08-2015;0.12;0.16;0.15
Alfarroba*Graínha*SP*I*Saco 50 kg*EUR/kg;Alfarroba; Algarve;Algarve;34;17-08-2015;1.8;2.2;2.0
Alfarroba*Inteira*SP*II*Saco 50 kg*EUR/kg;Alfarroba; Algarve;Algarve;34;17-08-2015;0.3;0.33;0.31
Alfarroba*Triturado Grosso*SP*II*Saco 50 kg*EUR/kg;Alfarroba; Algarve;Algarve;34;17-08-2015;0.12;0.16;0.15
Alfarroba*Graínha*SP*I*Saco 50 kg*EUR/kg;Alfarroba; Algarve;Algarve;35;24-08-2015;1.8;2.2;2.0
Alfarroba*Inteira*SP*II*Saco 50 kg*EUR/kg;Alfarroba; Algarve;Algarve;35;24-08-2015;0.3;0.33;0.31
Alfarroba*Triturado Grosso*SP*II*Saco 50 kg*EUR/kg;Alfarroba; Algarve;Algarve;37;07-09-2015;0.14;0.15;0.14
Alfarroba*Graínha*SP*I*Saco 50 kg*EUR/kg;Alfarroba; Algarve;Algarve;38;14-09-2015;2.0;2.2;2.2
Alfarroba*Inteira*SP*II*Saco 50 kg*EUR/kg;Alfarroba; Algarve;Algarve;38;14-09-2015;0.3;0.33;0.33
Alfarroba*Triturado Grosso*SP*II*Saco 50 kg*EUR/kg;Alfarroba; Algarve;Algarve;40;28-09-2015;0.13;0.15;0.14
Alfarroba*Graínha*SP*I*Saco 50 kg*EUR/kg;Alfarroba; Algarve;Algarve;41;05-10-2015;2.0;2.2;2.2
Alfarroba*Inteira*SP*II*Saco 50 kg*EUR/kg;Alfarroba; Algarve;Algarve;41;05-10-2015;0.33;0.35;0.34
Alfarroba*Triturado Grosso*SP*II*Saco 50 kg*EUR/kg;Alfarroba; Algarve;Algarve;41;05-10-2015;0.13;0.15;0.14
Alfarroba*Graínha*SP*I*Saco 50 kg*EUR/kg;Alfarroba; Algarve;Algarve;42;12-10-2015;2.0;2.5;2.2
Alfarroba*Inteira*SP*II*Saco 50 kg*EUR/kg;Alfarroba; Algarve;Algarve;42;12-10-2015;0.33;0.35;0.34
Alfarroba*Graínha*SP*I*Saco 50 kg*EUR/kg;Alfarroba; Algarve;Algarve;44;26-10-2015;2.0;2.5;2.2
Alfarroba*Inteira*SP*II*Saco 50 kg*EUR/kg;Alfarroba; Algarve;Algarve;44;26-10-2015;0.33;0.35;0.34
Alfarroba*Triturado Grosso*SP*II*Saco 50 kg*EUR/kg;Alfarroba; Algarve;Algarve;44;26-10-2015;0.13;0.15;0.14
Alfarroba*Graínha*SP*I*Saco 50 kg*EUR/kg;Alfarroba; Algarve;Algarve;45;02-11-2015;2.0;2.5;2.2
Alfarroba*Inteira*SP*II*Saco 50 kg*EUR/kg;Alfarroba; Algarve;Algarve;45;02-11-2015;0.33;0.35;0.34
Alfarroba*Triturado Grosso*SP*II*Saco 50 kg*EUR/kg;Alfarroba; Algarve;Algarve;45;02-11-2015;0.13;0.15;0.14
Alfarroba*Triturado Grosso*SP*II*Saco 50 kg*EUR/kg;Alfarroba; Algarve;Algarve;47;16-11-2015;0.13;0.15;0.14
Alfarroba*Graínha*SP*I*Saco 50 kg*EUR/kg;Alfarroba; Algarve;Algarve;48;23-11-2015;2.0;2.75;2.5
Alfarroba*Inteira*SP*II*Saco 50 kg*EUR/kg;Alfarroba; Algarve;Algarve;48;23-11-2015;0.33;0.4;0.37
Alfarroba*Triturado Grosso*SP*II*Saco 50 kg*EUR/kg;Alfarroba; Algarve;Algarve;48;23-11-2015;0.13;0.15;0.14
Alfarroba*Graínha*SP*I*Saco 50 kg*EUR/kg;Alfarroba; Algarve;Algarve;49;30-11-2015;2.0;2.75;2.5
Alfarroba*Inteira*SP*II*Saco 50 kg*EUR/kg;Alfarroba; Algarve;Algarve;49;30-11-2015;0.33;0.4;0.37
Alfarroba*Triturado Grosso*SP*II*Saco 50 kg*EUR/kg;Alfarroba; Algarve;Algarve;51;14-12-2015;0.13;0.15;0.14
Alfarroba*Graínha*SP*I*Saco 50 kg*EUR/kg;Alfarroba; Algarve;Algarve;52;21-12-2015;2.0;2.75;2.5
Alfarroba*Inteira*SP*II*Saco 50 kg*EUR/kg;Alfarroba; Algarve;Algarve;52;21-12-2015;0.33;0.4;0.37
Alfarroba*Triturado Grosso*SP*II*Saco 50 kg*EUR/kg;Alfarroba; Algarve;Algarve;52;21-12-2015;0.13;0.15;0.14
Alfarroba*Graínha*SP*I*Saco 50 kg*EUR/kg;Alfarroba; Algarve;Algarve;53;28-12-2015;2.0;2.75;2.5
Alfarroba*Inteira*SP*II*Saco 50 kg*EUR/kg;Alfarroba; Algarve;Algarve;53;28-12-2015;0.33;0.4;0.37
Alfarroba*Triturado Grosso*SP*II*Saco 50 kg*EUR/kg;Alfarroba; Algarve;Algarve;53;28-12-2015;0.13;0.15;0.14
Alfarroba*Graínha*SP*I*Saco 50 kg*EUR/kg;Alfarroba; Algarve;Algarve;1;04-01-2016;2.0;2.75;2.5
Alfarroba*Inteira*SP*II*Saco 50 kg*EUR/kg;Alfarroba; Algarve;Algarve;1;04-01-2016;0.33;0.4;0.37
Alfarroba*Triturado Grosso*SP*II*Saco 50 kg*EUR/kg;Alfarroba; Algarve;Algarve;1;04-01-2016;0.13;0.16;0.15
Alfarroba*Triturado Grosso*SP*II*Saco 50 kg*EUR/kg;Alfarroba; Algarve;Algarve;3;18-01-2016;0.13;0.16;0.14
Alfarroba*Graínha*SP*I*Saco 50 kg*EUR/kg;Alfarroba; Algarve;Algarve;4;25-01-2016;2.0;2.75;2.5
Alfarroba*Inteira*SP*II*Saco 50 kg*EUR/kg;Alfarroba; Algarve;Algarve;4;25-01-2016;0.33;0.4;0.37
Alfarroba*Triturado Grosso*SP*II*Saco 50 kg*EUR/kg;Alfarroba; Algarve;Algarve;4;25-01-2016;0.13;0.16;0.14
Alfarroba*Graínha*SP*I*Saco 50 kg*EUR/kg;Alfarroba; Algarve;Algarve;5;01-02-2016;2.0;2.75;2.5
Alfarroba*Inteira*SP*II*Saco 50 kg*EUR/kg;Alfarroba; Algarve;Algarve;5;01-02-2016;0.33;0.4;0.37
Alfarroba*Triturado Grosso*SP*II*Saco 50 kg*EUR/kg;Alfarroba; Algarve;Algarve;5;01-02-2016;0.13;0.16;0.14
Alfarroba*Graínha*SP*I*Saco 50 kg*EUR/kg;Alfarroba; Algarve;Algarve;6;08-02-2016;2.0;2.75;2.5
Alfarroba*Inteira*SP*II*Saco 50 kg*EUR/kg;Alfarroba; Algarve;Algarve;6;08-02-2016;0.33;0.4;0.37
Alfarroba*Triturado Grosso*SP*II*Saco 50 kg*EUR/kg;Alfarroba; Algarve;Algarve;6;08-02-2016;0.13;0.16;0.14
Alfarroba*Graínha*SP*I*Saco 50 kg*EUR/kg;Alfarroba; Algarve;Algarve;7;15-02-2016;2.0;2.65;2.5
Alfarroba*Inteira*SP*II*Saco 50 kg*EUR/kg;Alfarroba; Algarve;Algarve;7;15-02-2016;0.33;0.38;0.37
Alfarroba*Triturado Grosso*SP*II*Saco 50 kg*EUR/kg;Alfarroba; Algarve;Algarve;9;29-02-2016;0.13;0.15;0.14
Alfarroba*Graínha*SP*I*Saco 50 kg*EUR/kg;Alfarroba; Algarve;Algarve;10;07-03-2016;2.0;2.65;2.5
Alfarroba*Inteira*SP*II*Saco 50 kg*EUR/kg;Alfarroba; Algarve;Algarve;10;07-03-2016;0.35;0.4;0.38
Alfarroba*Triturado Grosso*SP*II*Saco 50 kg*EUR/kg;Alfarroba; Algarve;Algarve;10;07-03-2016;0.13;0.15;0.14
Alfarroba*Triturado Grosso*SP*II*Saco 50 kg*EUR/kg;Alfarroba; Algarve;Algarve;12;21-03-2016;0.13;0.15;0.14
Alfarroba*Graínha*SP*I*Saco 50 kg*EUR/kg;Alfarroba; Algarve;Algarve;13;28-03-2016;2.0;2.5;2.3
Alfarroba*Inteira*SP*II*Saco 50 kg*EUR/kg;Alfarroba; Algarve;Algarve;13;28-03-2016;0.35;0.4;0.38
Alfarroba*Triturado Grosso*SP*II*Saco 50 kg*EUR/kg;Alfarroba; Algarve;Algarve;13;28-03-2016;0.13;0.15;0.14
Alfarroba*Graínha*SP*I*Saco 50 kg*EUR/kg;Alfarroba; Algarve;Algarve;14;04-04-2016;2.0;2.5;2.3
Alfarroba*Inteira*SP*II*Saco 50 kg*EUR/kg;Alfarroba; Algarve;Algarve;14;04-04-2016;0.35;0.4;0.38
Alfarroba*Triturado Grosso*SP*II*Saco 50 kg*EUR/kg;Alfarroba; Algarve;Algarve;16;18-04-2016;0.13;0.15;0.14
Alfarroba*Graínha*SP*I*Saco 50 kg*EUR/kg;Alfarroba; Algarve;Algarve;17;25-04-2016;2.0;2.4;2.3
Alfarroba*Inteira*SP*II*Saco 50 kg*EUR/kg;Alfarroba; Algarve;Algarve;17;25-04-2016;0.35;0.39;0.38
Alfarroba*Triturado Grosso*SP*II*Saco 50 kg*EUR/kg;Alfarroba; Algarve;Algarve;17;25-04-2016;0.13;0.15;0.14
Alfarroba*Graínha*SP*I*Saco 50 kg*EUR/kg;Alfarroba; Algarve;Algarve;18;02-05-2016;2.0;2.4;2.3
Alfarroba*Inteira*SP*II*Saco 50 kg*EUR/kg;Alfarroba; Algarve;Algarve;18;02-05-2016;0.35;0.39;0.37
Alfarroba*Graínha*SP*I*Saco 50 kg*EUR/kg;Alfarroba; Algarve;Algarve;20;16-05-2016;2.0;2.4;2.3
Alfarroba*Inteira*SP*II*Saco 50 kg*EUR/kg;Alfarroba; Algarve;Algarve;20;16-05-2016;0.35;0.39;0.37
Alfarroba*Triturado Grosso*SP*II*Saco 50 kg*EUR/kg;Alfarroba; Algarve;Algarve;20;16-05-2016;0.13;0.15;0.14
Alfarroba*Graínha*SP*I*Saco 50 kg*EUR/kg;Alfarroba; Algarve;Algarve;21;23-05-2016;2.0;2.4;2.3
Alfarroba*Inteira*SP*II*Saco 50 kg*EUR/kg;Alfarroba; Algarve;Algarve;21;23-05-2016;0.35;0.39;0.37
Alfarroba*Triturado Grosso*SP*II*Saco 50 kg*EUR/kg;Alfarroba; Algarve;Algarve;23;06-06-2016;0.13;0.16;0.14
Alfarroba*Graínha*SP*I*Saco 50 kg*EUR/kg;Alfarroba; Algarve;Algarve;24;13-06-2016;2.0;2.4;2.3
Alfarroba*Inteira*SP*II*Saco 50 kg*EUR/kg;Alfarroba; Algarve;Algarve;24;13-06-2016;0.33;0.37;0.35
Alfarroba*Triturado Grosso*SP*II*Saco 50 kg*EUR/kg;Alfarroba; Algarve;Algarve;24;13-06-2016;0.13;0.16;0.14
Alfarroba*Graínha*SP*I*Saco 50 kg*EUR/kg;Alfarroba; Algarve;Algarve;25;20-06-2016;2.0;2.4;2.3
Alfarroba*Inteira*SP*II*Saco 50 kg*EUR/kg;Alfarroba; Algarve;Algarve;25;20-06-2016;0.33;0.37;0.35
Alfarroba*Triturado Grosso*SP*II*Saco 50 kg*EUR/kg;Alfarroba; Algarve;Algarve;27;04-07-2016;0.12;0.15;0.14
Alfarroba*Graínha*SP*I*Saco 50 kg*EUR/kg;Alfarroba; Algarve;Algarve;28;11-07-2016;2.0;2.4;2.3
Alfarroba*Inteira*SP*II*Saco 50 kg*EUR/kg;Alfarroba; Algarve;Algarve;28;11-07-2016;0.33;0.37;0.35
Alfarroba*Triturado Grosso*SP*II*Saco 50 kg*EUR/kg;Alfarroba; Algarve;Algarve;28;11-07-2016;0.12;0.15;0.14
Alfarroba*Graínha*SP*I*Saco 50 kg*EUR/kg;Alfarroba; Algarve;Algarve;29;18-07-2016;2.0;2.4;2.3
Alfarroba*Graínha*SP*I*Saco 50 kg*EUR/kg;Alfarroba; Algarve;Algarve;31;01-08-2016;2.0;2.4;2.3
Alfarroba*Inteira*SP*II*Saco 50 kg*EUR/kg;Alfarroba; Algarve;Algarve;31;01-08-2016;0.33;0.37;0.35
Alfarroba*Triturado Grosso*SP*II*Saco 50 kg*EUR/kg;Alfarroba; Algarve;Algarve;31;01-08-2016;0.12;0.15;0.14
Alfarroba*Graínha*SP*I*Saco 50 kg*EUR/kg;Alfarroba; Algarve;Algarve;32;08-08-2016;2.0;2.4;2.3
Alfarroba*Inteira*SP*II*Saco 50 kg*EUR/kg;Alfarroba; Algarve;Algarve;32;08-08-2016;0.33;0.37;0.35
Alfarroba*Triturado Grosso*SP*II*Saco 50 kg*EUR/kg;Alfarroba; Algarve;Algarve;34;22-08-2016;0.12;0.15;0.14
Alfarroba*Graínha*SP*I*Saco 50 kg*EUR/kg;Alfarroba; Algarve;Algarve;35;29-08-2016;2.0;2.4;2.3
Alfarroba*Inteira*SP*II*Saco 50 kg*EUR/kg;Alfarroba; Algarve;Algarve;35;29-08-2016;0.31;0.33;0.32
Alfarroba*Triturado Grosso*SP*II*Saco 50 kg*EUR/kg;Alfarroba; Algarve;Algarve;35;29-08-2016;0.12;0.15;0.14
Alfarroba*Graínha*SP*I*Saco 50 kg*EUR/kg;Alfarroba; Algarve;Algarve;36;05-09-2016;2.0;2.4;2.3
Alfarroba*Inteira*SP*II*Saco 50 kg*EUR/kg;Alfarroba; Algarve;Algarve;36;05-09-2016;0.31;0.33;0.32
Alfarroba*Triturado Grosso*SP*II*Saco 50 kg*EUR/kg;Alfarroba; Algarve;Algarve;38;19-09-2016;0.12;0.15;0.14
Alfarroba*Inteira*SP*II*Saco 50 kg*EUR/kg;Alfarroba; Algarve;Algarve;39;26-09-2016;0.31;0.33;0.32
Alfarroba*Triturado Grosso*SP*II*Saco 50 kg*EUR/kg;Alfarroba; Algarve;Algarve;39;26-09-2016;0.12;0.15;0.14
Alfarroba*Triturado Grosso*SP*II*Saco 50 kg*EUR/kg;Alfarroba; Algarve;Algarve;41;10-10-2016;0.12;0.15;0.14
Alfarroba*Graínha*SP*I*Saco 50 kg*EUR/kg;Alfarroba; Algarve;Algarve;42;17-10-2016;2.0;2.0;2.0
Alfarroba*Inteira*SP*II*Saco 50 kg*EUR/kg;Alfarroba; Algarve;Algarve;42;17-10-2016;0.31;0.33;0.32
Alfarroba*Triturado Grosso*SP*II*Saco 50 kg*EUR/kg;Alfarroba; Algarve;Algarve;42;17-10-2016;0.11;0.15;0.12
Alfarroba*Graínha*SP*I*Saco 50 kg*EUR/kg;Alfarroba; Algarve;Algarve;43;24-10-2016;2.0;2.0;2.0
Alfarroba*Inteira*SP*II*Saco 50 kg*EUR/kg;Alfarroba; Algarve;Algarve;43;24-10-2016;0.31;0.33;0.32
Alfarroba*Triturado Grosso*SP*II*Saco 50 kg*EUR/kg;Alfarroba; Algarve;Algarve;45;07-11-2016;0.11;0.15;0.12
Alfarroba*Graínha*SP*I*Saco 50 kg*EUR/kg;Alfarroba; Algarve;Algarve;46;14-11-2016;2.0;2.0;2.0
Alfarroba*Inteira*SP*II*Saco 50 kg*EUR/kg;Alfarroba; Algarve;Algarve;46;14-11-2016;0.31;0.33;0.32
Alfarroba*Triturado Grosso*SP*II*Saco 50 kg*EUR/kg;Alfarroba; Algarve;Algarve;46;14-11-2016;0.11;0.15;0.12
Alfarroba*Triturado Grosso*SP*II*Saco 50 kg*EUR/kg;Alfarroba; Algarve;Algarve;48;28-11-2016;0.11;0.16;0.12
Alfarroba*Graínha*SP*I*Saco 50 kg*EUR/kg;Alfarroba; Algarve;Algarve;49;05-12-2016;2.0;2.2;2.0
Alfarroba*Inteira*SP*II*Saco 50 kg*EUR/kg;Alfarroba; Algarve;Algarve;49;05-12-2016;0.33;0.35;0.34
Alfarroba*Triturado Grosso*SP*II*Saco 50 kg*EUR/kg;Alfarroba; Algarve;Algarve;49;05-12-2016;0.11;0.16;0.12
Alfarroba*Graínha*SP*I*Saco 50 kg*EUR/kg;Alfarroba; Algarve;Algarve;50;12-12-2016;2.0;2.2;2.0
Alfarroba*Inteira*SP*II*Saco 50 kg*EUR/kg;Alfarroba; Algarve;Algarve;50;12-12-2016;0.33;0.35;0.34
Alfarroba*Triturado Grosso*SP*II*Saco 50 kg*EUR/kg;Alfarroba; Algarve;Algarve;1;02-01-2017;0.12;0.17;0.13
Alfarroba*Graínha*SP*I*Saco 50 kg*EUR/kg;Alfarroba; Algarve;Algarve;2;09-01-2017;2.0;2.2;2.0
Alfarroba*Inteira*SP*II*Saco 50 kg*EUR/kg;Alfarroba; Algarve;Algarve;2;09-01-2017;0.33;0.35;0.34
Alfarroba*Triturado Grosso*SP*II*Saco 50 kg*EUR/kg;Alfarroba; Algarve;Algarve;2;09-01-2017;0.13;0.16;0.14
Alfarroba*Graínha*SP*I*Saco 50 kg*EUR/kg;Alfarroba; Algarve;Algarve;3;16-01-2017;2.0;2.2;2.0
Alfarroba*Inteira*SP*II*Saco 50 kg*EUR/kg;Alfarroba; Algarve;Algarve;3;16-01-2017;0.33;0.35;0.34
Alfarroba*Graínha*SP*I*Saco 50 kg*EUR/kg;Alfarroba; Algarve;Algarve;5;30-01-2017;2.0;2.2;2.0
Alfarroba*Inteira*SP*II*Saco 50 kg*EUR/kg;Alfarroba; Algarve;Algarve;5;30-01-2017;0.33;0.35;0.34
Alfarroba*Triturado Grosso*SP*II*Saco 50 kg*EUR/kg;Alfarroba; Algarve;Algarve;5;30-01-2017;0.13;0.16;0.14
Alfarroba*Graínha*SP*I*Saco 50 kg*EUR/kg;Alfarroba; Algarve;Algarve;6;06-02-2017;2.0;2.2;2.0
Alfarroba*Inteira*SP*II*Saco 50 kg*EUR/kg;Alfarroba; Algarve;Algarve;6;06-02-2017;0.33;0.35;0.34
Alfarroba*Triturado Grosso*SP*II*Saco 50 kg*EUR/kg;Alfarroba; Algarve;Algarve;8;20-02-2017;0.14;0.16;0.15
Alfarroba*Graínha*SP*I*Saco 50 kg*EUR/kg;Alfarroba; Algarve;Algarve;9;27-02-2017;2.2;2.6;2.5
Alfarroba*Inteira*SP*II*Saco 50 kg*EUR/kg;Alfarroba; Algarve;Algarve;9;27-02-2017;0.35;0.4;0.37
Alfarroba*Triturado Grosso*SP*II*Saco 50 kg*EUR/kg;Alfarroba; Algarve;Algarve;9;27-02-2017;0.16;0.18;0.17
Alfarroba*Graínha*SP*I*Saco 50 kg*EUR/kg;Alfarroba; Algarve;Algarve;10;06-03-2017;2.2;2.6;2.5
Alfarroba*Inteira*SP*II*Saco 50 kg*EUR/kg;Alfarroba; Algarve;Algarve;10;06-03-2017;0.35;0.4;0.37
Alfarroba*Triturado Grosso*SP*II*Saco 50 kg*EUR/kg;Alfarroba; Algarve;Algarve;12;20-03-2017;0.16;0.18;0.17
Alfarroba*Graínha*SP*I*Saco 50 kg*EUR/kg;Alfarroba; Algarve;Algarve;13;27-03-2017;2.2;2.6;2.5
Alfarroba*Inteira*SP*II*Saco 50 kg*EUR/kg;Alfarroba; Algarve;Algarve;13;27-03-2017;0.35;0.4;0.37
Alfarroba*Triturado Grosso*SP*II*Saco 50 kg*EUR/kg;Alfarroba; Algarve;Algarve;13;27-03-2017;0.16;0.18;0.17
Alfarroba*Graínha*SP*I*Saco 50 kg*EUR/kg;Alfarroba; Algarve;Algarve;14;03-04-2017;2.2;2.6;2.5
Alfarroba*Triturado Grosso*SP*II*Saco 50 kg*EUR/kg;Alfarroba; Algarve;Algarve;15;10-04-2017;0.16;0.18;0.17
Alfarroba*Graínha*SP*I*Saco 50 kg*EUR/kg;Alfarroba; Algarve;Algarve;16;17-04-2017;2.2;2.5;2.5
Alfarroba*Inteira*SP*II*Saco 50 kg*EUR/kg;Alfarroba; Algarve;Algarve;16;17-04-2017;0.35;0.4;0.37
Alfarroba*Triturado Grosso*SP*II*Saco 50 kg*EUR/kg;Alfarroba; Algarve;Algarve;16;17-04-2017;0.14;0.16;0.15
Alfarroba*Graínha*SP*I*Saco 50 kg*EUR/kg;Alfarroba; Algarve;Algarve;17;24-04-2017;2.2;2.5;2.5
Alfarroba*Inteira*SP*II*Saco 50 kg*EUR/kg;Alfarroba; Algarve;Algarve;17;24-04-2017;0.35;0.4;0.37
Alfarroba*Triturado Grosso*SP*II*Saco 50 kg*EUR/kg;Alfarroba; Algarve;Algarve;19;08-05-2017;0.14;0.16;0.15
Alfarroba*Graínha*SP*I*Saco 50 kg*EUR/kg;Alfarroba; Algarve;Algarve;20;15-05-2017;2.2;2.6;2.5
Alfarroba*Inteira*SP*II*Saco 50 kg*EUR/kg;Alfarroba; Algarve;Algarve;20;15-05-2017;0.36;0.4;0.38
Alfarroba*Triturado Grosso*SP*II*Saco 50 kg*EUR/kg;Alfarroba; Algarve;Algarve;22;29-05-2017;0.14;0.16;0.15
Alfarroba*Graínha*SP*I*Saco 50 kg*EUR/kg;Alfarroba; Algarve;Algarve;23;05-06-2017;2.2;2.6;2.5
Alfarroba*Inteira*SP*II*Saco 50 kg*EUR/kg;Alfarroba; Algarve;Algarve;23;05-06-2017;0.36;0.4;0.38
Alfarroba*Triturado Grosso*SP*II*Saco 50 kg*EUR/kg;Alfarroba; Algarve;Algarve;23;05-06-2017;0.14;0.16;0.15
Alfarroba*Graínha*SP*I*Saco 50 kg*EUR/kg;Alfarroba; Algarve;Algarve;24;12-06-2017;2.2;2.6;2.5
Alfarroba*Inteira*SP*II*Saco 50 kg*EUR/kg;Alfarroba; Algarve;Algarve;24;12-06-2017;0.36;0.4;0.38
Alfarroba*Triturado Grosso*SP*II*Saco 50 kg*EUR/kg;Alfarroba; Algarve;Algarve;24;12-06-2017;0.14;0.16;0.15
Alfarroba*Graínha*SP*I*Saco 50 kg*EUR/kg;Alfarroba; Algarve;Algarve;25;19-06-2017;2.2;2.6;2.5
Alfarroba*Triturado Grosso*SP*II*Saco 50 kg*EUR/kg;Alfarroba; Algarve;Algarve;48;27-11-2017;0.13;0.16;0.14
Alfarroba*Graínha*SP*I*Saco 50 kg*EUR/kg;Alfarroba; Algarve;Algarve;49;04-12-2017;5.0;6.0;5.5
Alfarroba*Inteira*SP*II*Saco 50 kg*EUR/kg;Alfarroba; Algarve;Algarve;49;04-12-2017;0.47;0.6;0.53
Alfarroba*Triturado Grosso*SP*II*Saco 50 kg*EUR/kg;Alfarroba; Algarve;Algarve;49;04-12-2017;0.13;0.15;0.14
Alfarroba*Graínha*SP*I*Saco 50 kg*EUR/kg;Alfarroba; Algarve;Algarve;50;11-12-2017;5.0;6.0;5.5
Alfarroba*Inteira*SP*II*Saco 50 kg*EUR/kg;Alfarroba; Algarve;Algarve;50;11-12-2017;0.67;0.8;0.73
Alfarroba*Triturado Grosso*SP*II*Saco 50 kg*EUR/kg;Alfarroba; Algarve;Algarve;50;11-12-2017;0.13;0.15;0.14
Alfarroba*Graínha*SP*I*Saco 50 kg*EUR/kg;Alfarroba; Algarve;Algarve;51;18-12-2017;5.0;6.0;5.5
Alfarroba*Inteira*SP*II*Saco 50 kg*EUR/kg;Alfarroba; Algarve;Algarve;51;18-12-2017;0.67;0.8;0.73
Alfarroba*Triturado Grosso*SP*II*Saco 50 kg*EUR/kg;Alfarroba; Algarve;Algarve;51;18-12-2017;0.13;0.15;0.14
Alfarroba*Graínha*SP*I*Saco 50 kg*EUR/kg;Alfarroba; Algarve;Algarve;52;25-12-2017;5.0;6.0;5.5
Alfarroba*Inteira*SP*II*Saco 50 kg*EUR/kg;Alfarroba; Algarve;Algarve;52;25-12-2017;0.67;0.8;0.73
Alfarroba*Triturado Grosso*SP*II*Saco 50 kg*EUR/kg;Alfarroba; Algarve;Algarve;52;25-12-2017;0.13;0.15;0.14
Alfarroba*Graínha*SP*I*Saco 50 kg*EUR/kg;Alfarroba; Algarve;Algarve;1;01-01-2018;5.0;6.0;5.5
Alfarroba*Inteira*SP*II*Saco 50 kg*EUR/kg;Alfarroba; Algarve;Algarve;1;01-01-2018;0.67;0.8;0.73
Alfarroba*Triturado Grosso*SP*II*Saco 50 kg*EUR/kg;Alfarroba; Algarve;Algarve;1;01-01-2018;0.13;0.15;0.14
Alfarroba*Graínha*SP*I*Saco 50 kg*EUR/kg;Alfarroba; Algarve;Algarve;2;08-01-2018;5.0;6.0;5.5
Alfarroba*Inteira*SP*II*Saco 50 kg*EUR/kg;Alfarroba; Algarve;Algarve;2;08-01-2018;0.67;0.8;0.73
Alfarroba*Triturado Grosso*SP*II*Saco 50 kg*EUR/kg;Alfarroba; Algarve;Algarve;2;08-01-2018;0.13;0.15;0.14
Alfarroba*Graínha*SP*I*Saco 50 kg*EUR/kg;Alfarroba; Algarve;Algarve;3;15-01-2018;5.0;6.0;5.5
Alfarroba*Inteira*SP*II*Saco 50 kg*EUR/kg;Alfarroba; Algarve;Algarve;3;15-01-2018;0.67;0.8;0.73
Alfarroba*Triturado Grosso*SP*II*Saco 50 kg*EUR/kg;Alfarroba; Algarve;Algarve;3;15-01-2018;0.13;0.15;0.14
Alfarroba*Graínha*SP*I*Saco 50 kg*EUR/kg;Alfarroba; Algarve;Algarve;4;22-01-2018;5.0;6.0;5.5
Alfarroba*Inteira*SP*II*Saco 50 kg*EUR/kg;Alfarroba; Algarve;Algarve;4;22-01-2018;0.67;0.8;0.73
Alfarroba*Triturado Grosso*SP*II*Saco 50 kg*EUR/kg;Alfarroba; Algarve;Algarve;4;22-01-2018;0.13;0.15;0.14
Alfarroba*Graínha*SP*I*Saco 50 kg*EUR/kg;Alfarroba; Algarve;Algarve;5;29-01-2018;5.0;6.0;5.5
Alfarroba*Inteira*SP*II*Saco 50 kg*EUR/kg;Alfarroba; Algarve;Algarve;5;29-01-2018;0.67;0.8;0.73
Alfarroba*Triturado Grosso*SP*II*Saco 50 kg*EUR/kg;Alfarroba; Algarve;Algarve;5;29-01-2018;0.13;0.15;0.14
Alfarroba*Graínha*SP*I*Saco 50 kg*EUR/kg;Alfarroba; Algarve;Algarve;6;05-02-2018;5.0;6.0;5.5
Alfarroba*Inteira*SP*II*Saco 50 kg*EUR/kg;Alfarroba; Algarve;Algarve;6;05-02-2018;0.67;0.8;0.73
Alfarroba*Triturado Grosso*SP*II*Saco 50 kg*EUR/kg;Alfarroba; Algarve;Algarve;6;05-02-2018;0.13;0.15;0.14
Alfarroba*Graínha*SP*I*Saco 50 kg*EUR/kg;Alfarroba; Algarve;Algarve;7;12-02-2018;5.0;6.0;5.5
Alfarroba*Inteira*SP*II*Saco 50 kg*EUR/kg;Alfarroba; Algarve;Algarve;7;12-02-2018;0.67;0.8;0.73
Alfarroba*Triturado Grosso*SP*II*Saco 50 kg*EUR/kg;Alfarroba; Algarve;Algarve;7;12-02-2018;0.13;0.15;0.14
Alfarroba*Graínha*SP*I*Saco 50 kg*EUR/kg;Alfarroba; Algarve;Algarve;8;19-02-2018;5.0;6.0;5.5
Alfarroba*Inteira*SP*II*Saco 50 kg*EUR/kg;Alfarroba; Algarve;Algarve;8;19-02-2018;0.67;0.8;0.73
Alfarroba*Triturado Grosso*SP*II*Saco 50 kg*EUR/kg;Alfarroba; Algarve;Algarve;8;19-02-2018;0.13;0.15;0.14
Alfarroba*Graínha*SP*I*Saco 50 kg*EUR/kg;Alfarroba; Algarve;Algarve;9;26-02-2018;5.0;6.0;5.5
Alfarroba*Inteira*SP*II*Saco 50 kg*EUR/kg;Alfarroba; Algarve;Algarve;9;26-02-2018;0.67;0.8;0.73
Alfarroba*Triturado Grosso*SP*II*Saco 50 kg*EUR/kg;Alfarroba; Algarve;Algarve;9;26-02-2018;0.13;0.15;0.14
Alfarroba*Graínha*SP*I*Saco 50 kg*EUR/kg;Alfarroba; Algarve;Algarve;10;05-03-2018;5.0;6.0;5.5
Alfarroba*Inteira*SP*II*Saco 50 kg*EUR/kg;Alfarroba; Algarve;Algarve;10;05-03-2018;0.67;0.8;0.73
Alfarroba*Triturado Grosso*SP*II*Saco 50 kg*EUR/kg;Alfarroba; Algarve;Algarve;10;05-03-2018;0.13;0.15;0.14
Alfarroba*Graínha*SP*I*Saco 50 kg*EUR/kg;Alfarroba; Algarve;Algarve;11;12-03-2018;5.0;6.0;5.5
Alfarroba*Inteira*SP*II*Saco 50 kg*EUR/kg;Alfarroba; Algarve;Algarve;11;12-03-2018;0.67;0.8;0.73
Alfarroba*Triturado Grosso*SP*II*Saco 50 kg*EUR/kg;Alfarroba; Algarve;Algarve;11;12-03-2018;0.13;0.15;0.14
Alfarroba*Graínha*SP*I*Saco 50 kg*EUR/kg;Alfarroba; Algarve;Algarve;12;19-03-2018;5.0;5.5;5.3
Alfarroba*Inteira*SP*II*Saco 50 kg*EUR/kg;Alfarroba; Algarve;Algarve;12;19-03-2018;0.67;0.8;0.73
Alfarroba*Triturado Grosso*SP*II*Saco 50 kg*EUR/kg;Alfarroba; Algarve;Algarve;12;19-03-2018;0.13;0.15;0.14
Alfarroba*Graínha*SP*I*Saco 50 kg*EUR/kg;Alfarroba; Algarve;Algarve;13;26-03-2018;5.0;5.5;5.3
Alfarroba*Inteira*SP*II*Saco 50 kg*EUR/kg;Alfarroba; Algarve;Algarve;13;26-03-2018;0.67;0.8;0.73
Alfarroba*Triturado Grosso*SP*II*Saco 50 kg*EUR/kg;Alfarroba; Algarve;Algarve;13;26-03-2018;0.13;0.15;0.14
Alfarroba*Graínha*SP*I*Saco 50 kg*EUR/kg;Alfarroba; Algarve;Algarve;14;02-04-2018;5.0;5.5;5.3
Alfarroba*Inteira*SP*II*Saco 50 kg*EUR/kg;Alfarroba; Algarve;Algarve;14;02-04-2018;0.67;0.8;0.73
Alfarroba*Triturado Grosso*SP*II*Saco 50 kg*EUR/kg;Alfarroba; Algarve;Algarve;14;02-04-2018;0.13;0.15;0.14
Alfarroba*Graínha*SP*I*Saco 50 kg*EUR/kg;Alfarroba; Algarve;Algarve;15;09-04-2018;5.0;5.5;5.3
Alfarroba*Inteira*SP*II*Saco 50 kg*EUR/kg;Alfarroba; Algarve;Algarve;15;09-04-2018;0.53;0.6;0.57
Alfarroba*Triturado Grosso*SP*II*Saco 50 kg*EUR/kg;Alfarroba; Algarve;Algarve;15;09-04-2018;0.13;0.15;0.14
Alfarroba*Graínha*SP*I*Saco 50 kg*EUR/kg;Alfarroba; Algarve;Algarve;16;16-04-2018;5.0;5.5;5.3
Alfarroba*Inteira*SP*II*Saco 50 kg*EUR/kg;Alfarroba; Algarve;Algarve;16;16-04-2018;0.53;0.6;0.57
Alfarroba*Triturado Grosso*SP*II*Saco 50 kg*EUR/kg;Alfarroba; Algarve;Algarve;16;16-04-2018;0.13;0.15;0.14
Alfarroba*Graínha*SP*I*Saco 50 kg*EUR/kg;Alfarroba; Algarve;Algarve;17;23-04-2018;5.0;5.5;5.3
Alfarroba*Inteira*SP*II*Saco 50 kg*EUR/kg;Alfarroba; Algarve;Algarve;17;23-04-2018;0.53;0.6;0.57
Alfarroba*Triturado Grosso*SP*II*Saco 50 kg*EUR/kg;Alfarroba; Algarve;Algarve;17;23-04-2018;0.13;0.15;0.14
Alfarroba*Graínha*SP*I*Saco 50 kg*EUR/kg;Alfarroba; Algarve;Algarve;18;30-04-2018;5.0;5.5;5.3
Alfarroba*Inteira*SP*II*Saco 50 kg*EUR/kg;Alfarroba; Algarve;Algarve;18;30-04-2018;0.53;0.6;0.57
Alfarroba*Triturado Grosso*SP*II*Saco 50 kg*EUR/kg;Alfarroba; Algarve;Algarve;18;30-04-2018;0.13;0.15;0.14
Alfarroba*Graínha*SP*I*Saco 50 kg*EUR/kg;Alfarroba; Algarve;Algarve;19;07-05-2018;5.0;5.5;5.3
Alfarroba*Inteira*SP*II*Saco 50 kg*EUR/kg;Alfarroba; Algarve;Algarve;19;07-05-2018;0.53;0.6;0.57
Alfarroba*Triturado Grosso*SP*II*Saco 50 kg*EUR/kg;Alfarroba; Algarve;Algarve;19;07-05-2018;0.13;0.15;0.14
Alfarroba*Graínha*SP*I*Saco 50 kg*EUR/kg;Alfarroba; Algarve;Algarve;20;14-05-2018;4.5;5.3;5.0
Alfarroba*Inteira*SP*II*Saco 50 kg*EUR/kg;Alfarroba; Algarve;Algarve;20;14-05-2018;0.53;0.6;0.57
Alfarroba*Triturado Grosso*SP*II*Saco 50 kg*EUR/kg;Alfarroba; Algarve;Algarve;20;14-05-2018;0.13;0.15;0.14
Alfarroba*Graínha*SP*I*Saco 50 kg*EUR/kg;Alfarroba; Algarve;Algarve;21;21-05-2018;4.5;5.3;5.0
Alfarroba*Inteira*SP*II*Saco 50 kg*EUR/kg;Alfarroba; Algarve;Algarve;21;21-05-2018;0.53;0.6;0.57
Alfarroba*Triturado Grosso*SP*II*Saco 50 kg*EUR/kg;Alfarroba; Algarve;Algarve;21;21-05-2018;0.13;0.15;0.14
Alfarroba*Graínha*SP*I*Saco 50 kg*EUR/kg;Alfarroba; Algarve;Algarve;22;28-05-2018;4.5;5.3;5.0
Alfarroba*Inteira*SP*II*Saco 50 kg*EUR/kg;Alfarroba; Algarve;Algarve;22;28-05-2018;0.53;0.6;0.57
Alfarroba*Triturado Grosso*SP*II*Saco 50 kg*EUR/kg;Alfarroba; Algarve;Algarve;22;28-05-2018;0.13;0.15;0.14
Alfarroba*Graínha*SP*I*Saco 50 kg*EUR/kg;Alfarroba; Algarve;Algarve;23;04-06-2018;4.5;5.3;5.0
Alfarroba*Inteira*SP*II*Saco 50 kg*EUR/kg;Alfarroba; Algarve;Algarve;23;04-06-2018;0.53;0.6;0.57
Alfarroba*Triturado Grosso*SP*II*Saco 50 kg*EUR/kg;Alfarroba; Algarve;Algarve;23;04-06-2018;0.13;0.15;0.14
Alfarroba*Graínha*SP*I*Saco 50 kg*EUR/kg;Alfarroba; Algarve;Algarve;24;11-06-2018;4.5;5.3;5.0
Alfarroba*Inteira*SP*II*Saco 50 kg*EUR/kg;Alfarroba; Algarve;Algarve;24;11-06-2018;0.53;0.6;0.57
Alfarroba*Triturado Grosso*SP*II*Saco 50 kg*EUR/kg;Alfarroba; Algarve;Algarve;24;11-06-2018;0.13;0.15;0.14
Alfarroba*Graínha*SP*I*Saco 50 kg*EUR/kg;Alfarroba; Algarve;Algarve;25;18-06-2018;4.5;5.3;5.0
Alfarroba*Inteira*SP*II*Saco 50 kg*EUR/kg;Alfarroba; Algarve;Algarve;25;18-06-2018;0.53;0.6;0.57
Alfarroba*Triturado Grosso*SP*II*Saco 50 kg*EUR/kg;Alfarroba; Algarve;Algarve;25;18-06-2018;0.13;0.15;0.14
Alfarroba*Graínha*SP*I*Saco 50 kg*EUR/kg;Alfarroba; Algarve;Algarve;26;25-06-2018;4.5;5.3;5.0
Alfarroba*Inteira*SP*II*Saco 50 kg*EUR/kg;Alfarroba; Algarve;Algarve;26;25-06-2018;0.53;0.6;0.57
Alfarroba*Triturado Grosso*SP*II*Saco 50 kg*EUR/kg;Alfarroba; Algarve;Algarve;26;25-06-2018;0.13;0.15;0.14
Alfarroba*Graínha*SP*I*Saco 50 kg*EUR/kg;Alfarroba; Algarve;Algarve;27;02-07-2018;4.5;5.3;5.0
Alfarroba*Inteira*SP*II*Saco 50 kg*EUR/kg;Alfarroba; Algarve;Algarve;27;02-07-2018;0.53;0.6;0.57
Alfarroba*Triturado Grosso*SP*II*Saco 50 kg*EUR/kg;Alfarroba; Algarve;Algarve;27;02-07-2018;0.13;0.15;0.14
Alfarroba*Graínha*SP*I*Saco 50 kg*EUR/kg;Alfarroba; Algarve;Algarve;28;09-07-2018;4.5;5.3;5.0
Alfarroba*Inteira*SP*II*Saco 50 kg*EUR/kg;Alfarroba; Algarve;Algarve;28;09-07-2018;0.53;0.6;0.57
Alfarroba*Triturado Grosso*SP*II*Saco 50 kg*EUR/kg;Alfarroba; Algarve;Algarve;28;09-07-2018;0.13;0.15;0.14
Alfarroba*Graínha*SP*I*Saco 50 kg*EUR/kg;Alfarroba; Algarve;Algarve;29;16-07-2018;4.5;5.3;5.0
Alfarroba*Inteira*SP*II*Saco 50 kg*EUR/kg;Alfarroba; Algarve;Algarve;29;16-07-2018;0.53;0.6;0.57
Alfarroba*Triturado Grosso*SP*II*Saco 50 kg*EUR/kg;Alfarroba; Algarve;Algarve;29;16-07-2018;0.13;0.15;0.14
Alfarroba*Graínha*SP*I*Saco 50 kg*EUR/kg;Alfarroba; Algarve;Algarve;30;23-07-2018;4.5;5.3;5.0
Alfarroba*Inteira*SP*II*Saco 50 kg*EUR/kg;Alfarroba; Algarve;Algarve;30;23-07-2018;0.53;0.6;0.57
Alfarroba*Triturado Grosso*SP*II*Saco 50 kg*EUR/kg;Alfarroba; Algarve;Algarve;30;23-07-2018;0.13;0.15;0.14
Alfarroba*Graínha*SP*I*Saco 50 kg*EUR/kg;Alfarroba; Algarve;Algarve;31;30-07-2018;4.5;5.3;5.0
Alfarroba*Inteira*SP*II*Saco 50 kg*EUR/kg;Alfarroba; Algarve;Algarve;31;30-07-2018;0.53;0.6;0.57
Alfarroba*Triturado Grosso*SP*II*Saco 50 kg*EUR/kg;Alfarroba; Algarve;Algarve;31;30-07-2018;0.13;0.15;0.14
Alfarroba*Graínha*SP*I*Saco 50 kg*EUR/kg;Alfarroba; Algarve;Algarve;32;06-08-2018;4.5;5.3;5.0
Alfarroba*Inteira*SP*II*Saco 50 kg*EUR/kg;Alfarroba; Algarve;Algarve;32;06-08-2018;0.53;0.6;0.57
Alfarroba*Triturado Grosso*SP*II*Saco 50 kg*EUR/kg;Alfarroba; Algarve;Algarve;32;06-08-2018;0.13;0.15;0.14
Alfarroba*Graínha*SP*I*Saco 50 kg*EUR/kg;Alfarroba; Algarve;Algarve;33;13-08-2018;4.5;5.25;5.0
Alfarroba*Inteira*SP*II*Saco 50 kg*EUR/kg;Alfarroba; Algarve;Algarve;33;13-08-2018;0.53;0.6;0.57
Alfarroba*Triturado Grosso*SP*II*Saco 50 kg*EUR/kg;Alfarroba; Algarve;Algarve;33;13-08-2018;0.13;0.18;0.14
Alfarroba*Graínha*SP*I*Saco 50 kg*EUR/kg;Alfarroba; Algarve;Algarve;34;20-08-2018;4.5;5.25;5.0
Alfarroba*Inteira*SP*II*Saco 50 kg*EUR/kg;Alfarroba; Algarve;Algarve;34;20-08-2018;0.53;0.6;0.57
Alfarroba*Triturado Grosso*SP*II*Saco 50 kg*EUR/kg;Alfarroba; Algarve;Algarve;34;20-08-2018;0.13;0.18;0.14
Alfarroba*Graínha*SP*I*Saco 50 kg*EUR/kg;Alfarroba; Algarve;Algarve;35;27-08-2018;4.5;5.25;5.0
Alfarroba*Inteira*SP*II*Saco 50 kg*EUR/kg;Alfarroba; Algarve;Algarve;35;27-08-2018;0.53;0.6;0.57
Alfarroba*Triturado Grosso*SP*II*Saco 50 kg*EUR/kg;Alfarroba; Algarve;Algarve;35;27-08-2018;0.13;0.18;0.14
Alfarroba*Graínha*SP*I*Saco 50 kg*EUR/kg;Alfarroba; Algarve;Algarve;36;03-09-2018;4.5;5.25;5.0
Alfarroba*Inteira*SP*II*Saco 50 kg*EUR/kg;Alfarroba; Algarve;Algarve;36;03-09-2018;0.53;0.6;0.57
Alfarroba*Triturado Grosso*SP*II*Saco 50 kg*EUR/kg;Alfarroba; Algarve;Algarve;36;03-09-2018;0.15;0.18;0.15
Alfarroba*Graínha*SP*I*Saco 50 kg*EUR/kg;Alfarroba; Algarve;Algarve;37;10-09-2018;4.5;5.25;5.0
Alfarroba*Inteira*SP*II*Saco 50 kg*EUR/kg;Alfarroba; Algarve;Algarve;37;10-09-2018;0.53;0.6;0.57
Alfarroba*Triturado Grosso*SP*II*Saco 50 kg*EUR/kg;Alfarroba; Algarve;Algarve;37;10-09-2018;0.15;0.18;0.15
Alfarroba*Graínha*SP*I*Saco 50 kg*EUR/kg;Alfarroba; Algarve;Algarve;38;17-09-2018;4.5;5.25;5.0
Alfarroba*Inteira*SP*II*Saco 50 kg*EUR/kg;Alfarroba; Algarve;Algarve;38;17-09-2018;0.53;0.6;0.57
Alfarroba*Triturado Grosso*SP*II*Saco 50 kg*EUR/kg;Alfarroba; Algarve;Algarve;38;17-09-2018;0.15;0.18;0.15
Alfarroba*Graínha*SP*I*Saco 50 kg*EUR/kg;Alfarroba; Algarve;Algarve;39;24-09-2018;4.5;5.25;5.0
Alfarroba*Inteira*SP*II*Saco 50 kg*EUR/kg;Alfarroba; Algarve;Algarve;39;24-09-2018;0.53;0.6;0.57
Alfarroba*Triturado Grosso*SP*II*Saco 50 kg*EUR/kg;Alfarroba; Algarve;Algarve;39;24-09-2018;0.15;0.18;0.15
Alfarroba*Graínha*SP*I*Saco 50 kg*EUR/kg;Alfarroba; Algarve;Algarve;40;01-10-2018;4.5;5.25;5.0
Alfarroba*Inteira*SP*II*Saco 50 kg*EUR/kg;Alfarroba; Algarve;Algarve;40;01-10-2018;0.53;0.6;0.57
Alfarroba*Triturado Grosso*SP*II*Saco 50 kg*EUR/kg;Alfarroba; Algarve;Algarve;40;01-10-2018;0.15;0.18;0.15
Alfarroba*Graínha*SP*I*Saco 50 kg*EUR/kg;Alfarroba; Algarve;Algarve;41;08-10-2018;4.5;5.25;5.0
Alfarroba*Inteira*SP*II*Saco 50 kg*EUR/kg;Alfarroba; Algarve;Algarve;41;08-10-2018;0.53;0.6;0.57
Alfarroba*Triturado Grosso*SP*II*Saco 50 kg*EUR/kg;Alfarroba; Algarve;Algarve;41;08-10-2018;0.15;0.18;0.15
Alfarroba*Graínha*SP*I*Saco 50 kg*EUR/kg;Alfarroba; Algarve;Algarve;42;15-10-2018;4.5;5.25;5.0
Alfarroba*Inteira*SP*II*Saco 50 kg*EUR/kg;Alfarroba; Algarve;Algarve;42;15-10-2018;0.53;0.6;0.57
Alfarroba*Triturado Grosso*SP*II*Saco 50 kg*EUR/kg;Alfarroba; Algarve;Algarve;42;15-10-2018;0.15;0.18;0.15
Alfarroba*Graínha*SP*I*Saco 50 kg*EUR/kg;Alfarroba; Algarve;Algarve;43;22-10-2018;4.5;5.25;5.0
Alfarroba*Inteira*SP*II*Saco 50 kg*EUR/kg;Alfarroba; Algarve;Algarve;43;22-10-2018;0.53;0.6;0.57
Alfarroba*Triturado Grosso*SP*II*Saco 50 kg*EUR/kg;Alfarroba; Algarve;Algarve;43;22-10-2018;0.15;0.18;0.15
Alfarroba*Graínha*SP*I*Saco 50 kg*EUR/kg;Alfarroba; Algarve;Algarve;44;29-10-2018;4.5;5.25;5.0
Alfarroba*Inteira*SP*II*Saco 50 kg*EUR/kg;Alfarroba; Algarve;Algarve;44;29-10-2018;0.53;0.6;0.57
Alfarroba*Triturado Grosso*SP*II*Saco 50 kg*EUR/kg;Alfarroba; Algarve;Algarve;44;29-10-2018;0.15;0.18;0.15
Alfarroba*Graínha*SP*I*Saco 50 kg*EUR/kg;Alfarroba; Algarve;Algarve;45;05-11-2018;4.5;5.25;5.0
Alfarroba*Inteira*SP*II*Saco 50 kg*EUR/kg;Alfarroba; Algarve;Algarve;45;05-11-2018;0.53;0.6;0.57
Alfarroba*Triturado Grosso*SP*II*Saco 50 kg*EUR/kg;Alfarroba; Algarve;Algarve;45;05-11-2018;0.15;0.18;0.15
Alfarroba*Graínha*SP*I*Saco 50 kg*EUR/kg;Alfarroba; Algarve;Algarve;46;12-11-2018;4.5;5.25;5.0
Alfarroba*Inteira*SP*II*Saco 50 kg*EUR/kg;Alfarroba; Algarve;Algarve;46;12-11-2018;0.53;0.6;0.57
Alfarroba*Triturado Grosso*SP*II*Saco 50 kg*EUR/kg;Alfarroba; Algarve;Algarve;46;12-11-2018;0.15;0.18;0.15
Alfarroba*Graínha*SP*I*Saco 50 kg*EUR/kg;Alfarroba; Algarve;Algarve;47;19-11-2018;4.5;5.25;5.0
Alfarroba*Inteira*SP*II*Saco 50 kg*EUR/kg;Alfarroba; Algarve;Algarve;47;19-11-2018;0.53;0.6;0.57
Alfarroba*Triturado Grosso*SP*II*Saco 50 kg*EUR/kg;Alfarroba; Algarve;Algarve;47;19-11-2018;0.15;0.18;0.15
Alfarroba*Graínha*SP*I*Saco 50 kg*EUR/kg;Alfarroba; Algarve;Algarve;48;26-11-2018;4.5;5.25;5.0
Alfarroba*Inteira*SP*II*Saco 50 kg*EUR/kg;Alfarroba; Algarve;Algarve;48;26-11-2018;0.53;0.6;0.57
Alfarroba*Triturado Grosso*SP*II*Saco 50 kg*EUR/kg;Alfarroba; Algarve;Algarve;48;26-11-2018;0.15;0.18;0.15
Alfarroba*Graínha*SP*I*Saco 50 kg*EUR/kg;Alfarroba; Algarve;Algarve;49;03-12-2018;4.5;5.25;5.0
Alfarroba*Inteira*SP*II*Saco 50 kg*EUR/kg;Alfarroba; Algarve;Algarve;49;03-12-2018;0.53;0.6;0.57
Alfarroba*Triturado Grosso*SP*II*Saco 50 kg*EUR/kg;Alfarroba; Algarve;Algarve;49;03-12-2018;0.15;0.18;0.15
Alfarroba*Graínha*SP*I*Saco 50 kg*EUR/kg;Alfarroba; Algarve;Algarve;50;10-12-2018;4.5;5.25;5.0
Alfarroba*Inteira*SP*II*Saco 50 kg*EUR/kg;Alfarroba; Algarve;Algarve;50;10-12-2018;0.53;0.6;0.57
Alfarroba*Triturado Grosso*SP*II*Saco 50 kg*EUR/kg;Alfarroba; Algarve;Algarve;50;10-12-2018;0.15;0.18;0.15
Alfarroba*Graínha*SP*I*Saco 50 kg*EUR/kg;Alfarroba; Algarve;Algarve;51;17-12-2018;4.5;5.25;5.0
Alfarroba*Inteira*SP*II*Saco 50 kg*EUR/kg;Alfarroba; Algarve;Algarve;51;17-12-2018;0.53;0.6;0.57
Alfarroba*Triturado Grosso*SP*II*Saco 50 kg*EUR/kg;Alfarroba; Algarve;Algarve;51;17-12-2018;0.15;0.18;0.15
Alfarroba*Graínha*SP*I*Saco 50 kg*EUR/kg;Alfarroba; Algarve;Algarve;52;24-12-2018;4.5;5.25;5.0
Alfarroba*Inteira*SP*II*Saco 50 kg*EUR/kg;Alfarroba; Algarve;Algarve;52;24-12-2018;0.53;0.6;0.57
Alfarroba*Triturado Grosso*SP*II*Saco 50 kg*EUR/kg;Alfarroba; Algarve;Algarve;52;24-12-2018;0.15;0.18;0.15
Alfarroba*Graínha*SP*I*Saco 50 kg*EUR/kg;Alfarroba; Algarve;Algarve;1;31-12-2018;4.5;5.25;5.0
Alfarroba*Inteira*SP*II*Saco 50 kg*EUR/kg;Alfarroba; Algarve;Algarve;1;31-12-2018;0.53;0.6;0.57
Alfarroba*Triturado Grosso*SP*II*Saco 50 kg*EUR/kg;Alfarroba; Algarve;Algarve;1;31-12-2018;0.15;0.18;0.15
Alfarroba*Graínha*SP*I*Saco 50 kg*EUR/kg;Alfarroba; Algarve;Algarve;2;07-01-2019;4.5;5.25;5.0
Alfarroba*Inteira*SP*II*Saco 50 kg*EUR/kg;Alfarroba; Algarve;Algarve;2;07-01-2019;0.53;0.6;0.57
Alfarroba*Triturado Grosso*SP*II*Saco 50 kg*EUR/kg;Alfarroba; Algarve;Algarve;2;07-01-2019;0.15;0.18;0.15
Alfarroba*Graínha*SP*I*Saco 50 kg*EUR/kg;Alfarroba; Algarve;Algarve;3;14-01-2019;4.5;5.2;5.0
Alfarroba*Inteira*SP*II*Saco 50 kg*EUR/kg;Alfarroba; Algarve;Algarve;3;14-01-2019;0.53;0.63;0.6
Alfarroba*Triturado Grosso*SP*II*Saco 50 kg*EUR/kg;Alfarroba; Algarve;Algarve;3;14-01-2019;0.15;0.18;0.16
Alfarroba*Graínha*SP*I*Saco 50 kg*EUR/kg;Alfarroba; Algarve;Algarve;4;21-01-2019;4.5;5.2;5.0
Alfarroba*Inteira*SP*II*Saco 50 kg*EUR/kg;Alfarroba; Algarve;Algarve;4;21-01-2019;0.53;0.63;0.6
Alfarroba*Triturado Grosso*SP*II*Saco 50 kg*EUR/kg;Alfarroba; Algarve;Algarve;4;21-01-2019;0.15;0.18;0.16
Alfarroba*Graínha*SP*I*Saco 50 kg*EUR/kg;Alfarroba; Algarve;Algarve;5;28-01-2019;4.5;5.2;5.0
Alfarroba*Inteira*SP*II*Saco 50 kg*EUR/kg;Alfarroba; Algarve;Algarve;5;28-01-2019;0.53;0.63;0.6
Alfarroba*Triturado Grosso*SP*II*Saco 50 kg*EUR/kg;Alfarroba; Algarve;Algarve;5;28-01-2019;0.15;0.18;0.17
Alfarroba*Graínha*SP*I*Saco 50 kg*EUR/kg;Alfarroba; Algarve;Algarve;6;04-02-2019;4.5;5.2;5.0
Alfarroba*Inteira*SP*II*Saco 50 kg*EUR/kg;Alfarroba; Algarve;Algarve;6;04-02-2019;0.53;0.63;0.6
Alfarroba*Graínha*SP*I*Saco 50 kg*EUR/kg;Alfarroba; Algarve;Algarve;26;26-06-2017;2.2;2.6;2.5
Alfarroba*Inteira*SP*II*Saco 50 kg*EUR/kg;Alfarroba; Algarve;Algarve;26;26-06-2017;0.36;0.4;0.38
Alfarroba*Triturado Grosso*SP*II*Saco 50 kg*EUR/kg;Alfarroba; Algarve;Algarve;26;26-06-2017;0.13;0.15;0.14
Alfarroba*Triturado Grosso*SP*II*Saco 50 kg*EUR/kg;Alfarroba; Algarve;Algarve;6;04-02-2019;0.15;0.18;0.17
Alfarroba*Graínha*SP*I*Saco 50 kg*EUR/kg;Alfarroba; Algarve;Algarve;7;11-02-2019;4.5;5.2;5.0
Alfarroba*Inteira*SP*II*Saco 50 kg*EUR/kg;Alfarroba; Algarve;Algarve;7;11-02-2019;0.53;0.63;0.6
Alfarroba*Graínha*SP*I*Saco 50 kg*EUR/kg;Alfarroba; Algarve;Algarve;27;03-07-2017;2.2;2.6;2.5
Alfarroba*Inteira*SP*II*Saco 50 kg*EUR/kg;Alfarroba; Algarve;Algarve;27;03-07-2017;0.36;0.4;0.38
Alfarroba*Triturado Grosso*SP*II*Saco 50 kg*EUR/kg;Alfarroba; Algarve;Algarve;9;25-02-2019;0.16;0.19;0.18
Alfarroba*Triturado Grosso*SP*II*Saco 50 kg*EUR/kg;Alfarroba; Algarve;Algarve;7;11-02-2019;0.15;0.18;0.17
Alfarroba*Graínha*SP*I*Saco 50 kg*EUR/kg;Alfarroba; Algarve;Algarve;8;18-02-2019;4.5;5.2;5.0
Alfarroba*Inteira*SP*II*Saco 50 kg*EUR/kg;Alfarroba; Algarve;Algarve;8;18-02-2019;0.53;0.63;0.6
Alfarroba*Triturado Grosso*SP*II*Saco 50 kg*EUR/kg;Alfarroba; Algarve;Algarve;8;18-02-2019;0.15;0.18;0.17
Alfarroba*Graínha*SP*I*Saco 50 kg*EUR/kg;Alfarroba; Algarve;Algarve;9;25-02-2019;4.5;5.2;5.0
Alfarroba*Inteira*SP*II*Saco 50 kg*EUR/kg;Alfarroba; Algarve;Algarve;9;25-02-2019;0.53;0.63;0.6
Alfarroba*Graínha*SP*I*Saco 50 kg*EUR/kg;Alfarroba; Algarve;Algarve;10;04-03-2019;4.5;5.2;5.0
Alfarroba*Inteira*SP*II*Saco 50 kg*EUR/kg;Alfarroba; Algarve;Algarve;10;04-03-2019;0.53;0.63;0.6
Alfarroba*Triturado Grosso*SP*II*Saco 50 kg*EUR/kg;Alfarroba; Algarve;Algarve;11;11-03-2019;0.16;0.19;0.18
Alfarroba*Triturado Grosso*SP*II*Saco 50 kg*EUR/kg;Alfarroba; Algarve;Algarve;10;04-03-2019;0.16;0.19;0.18
Alfarroba*Graínha*SP*I*Saco 50 kg*EUR/kg;Alfarroba; Algarve;Algarve;12;18-03-2019;4.5;5.15;5.0
Alfarroba*Inteira*SP*II*Saco 50 kg*EUR/kg;Alfarroba; Algarve;Algarve;12;18-03-2019;0.53;0.67;0.6
Alfarroba*Triturado Grosso*SP*II*Saco 50 kg*EUR/kg;Alfarroba; Algarve;Algarve;12;18-03-2019;0.16;0.19;0.18
Alfarroba*Graínha*SP*I*Saco 50 kg*EUR/kg;Alfarroba; Algarve;Algarve;11;11-03-2019;4.5;5.15;5.0
Alfarroba*Inteira*SP*II*Saco 50 kg*EUR/kg;Alfarroba; Algarve;Algarve;11;11-03-2019;0.53;0.67;0.6
Alfarroba*Triturado Grosso*SP*II*Saco 50 kg*EUR/kg;Alfarroba; Algarve;Algarve;14;01-04-2019;0.16;0.19;0.18
Alfarroba*Graínha*SP*I*Saco 50 kg*EUR/kg;Alfarroba; Algarve;Algarve;13;25-03-2019;4.5;5.15;5.0
Alfarroba*Inteira*SP*II*Saco 50 kg*EUR/kg;Alfarroba; Algarve;Algarve;13;25-03-2019;0.53;0.67;0.6
Alfarroba*Graínha*SP*I*Saco 50 kg*EUR/kg;Alfarroba; Algarve;Algarve;15;08-04-2019;4.5;5.15;5.0
Alfarroba*Inteira*SP*II*Saco 50 kg*EUR/kg;Alfarroba; Algarve;Algarve;15;08-04-2019;0.53;0.67;0.6
Alfarroba*Triturado Grosso*SP*II*Saco 50 kg*EUR/kg;Alfarroba; Algarve;Algarve;15;08-04-2019;0.16;0.19;0.18
Alfarroba*Triturado Grosso*SP*II*Saco 50 kg*EUR/kg;Alfarroba; Algarve;Algarve;13;25-03-2019;0.16;0.19;0.18
Alfarroba*Graínha*SP*I*Saco 50 kg*EUR/kg;Alfarroba; Algarve;Algarve;16;15-04-2019;4.5;5.15;5.0
Alfarroba*Graínha*SP*I*Saco 50 kg*EUR/kg;Alfarroba; Algarve;Algarve;14;01-04-2019;4.5;5.15;5.0
Alfarroba*Inteira*SP*II*Saco 50 kg*EUR/kg;Alfarroba; Algarve;Algarve;14;01-04-2019;0.53;0.67;0.6
Alfarroba*Inteira*SP*II*Saco 50 kg*EUR/kg;Alfarroba; Algarve;Algarve;16;15-04-2019;0.53;0.67;0.6
Alfarroba*Triturado Grosso*SP*II*Saco 50 kg*EUR/kg;Alfarroba; Algarve;Algarve;17;22-04-2019;0.16;0.19;0.18
Alfarroba*Graínha*SP*I*Saco 50 kg*EUR/kg;Alfarroba; Algarve;Algarve;18;29-04-2019;4.5;5.15;5.0
Alfarroba*Inteira*SP*II*Saco 50 kg*EUR/kg;Alfarroba; Algarve;Algarve;18;29-04-2019;0.53;0.67;0.6
Alfarroba*Triturado Grosso*SP*II*Saco 50 kg*EUR/kg;Alfarroba; Algarve;Algarve;18;29-04-2019;0.16;0.19;0.18
Alfarroba*Triturado Grosso*SP*II*Saco 50 kg*EUR/kg;Alfarroba; Algarve;Algarve;16;15-04-2019;0.16;0.19;0.18
Alfarroba*Graínha*SP*I*Saco 50 kg*EUR/kg;Alfarroba; Algarve;Algarve;17;22-04-2019;4.5;5.15;5.0
Alfarroba*Inteira*SP*II*Saco 50 kg*EUR/kg;Alfarroba; Algarve;Algarve;17;22-04-2019;0.53;0.67;0.6
Alfarroba*Graínha*SP*I*Saco 50 kg*EUR/kg;Alfarroba; Algarve;Algarve;19;06-05-2019;4.5;5.15;5.0
Alfarroba*Inteira*SP*II*Saco 50 kg*EUR/kg;Alfarroba; Algarve;Algarve;19;06-05-2019;0.53;0.67;0.6
Alfarroba*Graínha*SP*I*Saco 50 kg*EUR/kg;Alfarroba; Algarve;Algarve;21;20-05-2019;4.5;5.15;5.0
Alfarroba*Inteira*SP*II*Saco 50 kg*EUR/kg;Alfarroba; Algarve;Algarve;21;20-05-2019;0.53;0.67;0.6
Alfarroba*Triturado Grosso*SP*II*Saco 50 kg*EUR/kg;Alfarroba; Algarve;Algarve;21;20-05-2019;0.16;0.19;0.18
Alfarroba*Triturado Grosso*SP*II*Saco 50 kg*EUR/kg;Alfarroba; Algarve;Algarve;19;06-05-2019;0.16;0.19;0.18
Alfarroba*Graínha*SP*I*Saco 50 kg*EUR/kg;Alfarroba; Algarve;Algarve;20;13-05-2019;4.5;5.15;5.0
Alfarroba*Inteira*SP*II*Saco 50 kg*EUR/kg;Alfarroba; Algarve;Algarve;20;13-05-2019;0.53;0.67;0.6
Alfarroba*Triturado Grosso*SP*II*Saco 50 kg*EUR/kg;Alfarroba; Algarve;Algarve;20;13-05-2019;0.16;0.19;0.18
Alfarroba*Triturado Grosso*SP*II*Saco 50 kg*EUR/kg;Alfarroba; Algarve;Algarve;22;27-05-2019;0.16;0.19;0.18
Alfarroba*Graínha*SP*I*Saco 50 kg*EUR/kg;Alfarroba; Algarve;Algarve;23;03-06-2019;4.5;5.25;5.0
Alfarroba*Inteira*SP*II*Saco 50 kg*EUR/kg;Alfarroba; Algarve;Algarve;23;03-06-2019;0.53;0.67;0.6
Alfarroba*Triturado Grosso*SP*II*Saco 50 kg*EUR/kg;Alfarroba; Algarve;Algarve;23;03-06-2019;0.15;0.18;0.17
Alfarroba*Graínha*SP*I*Saco 50 kg*EUR/kg;Alfarroba; Algarve;Algarve;24;10-06-2019;4.5;5.25;5.0
Alfarroba*Inteira*SP*II*Saco 50 kg*EUR/kg;Alfarroba; Algarve;Algarve;24;10-06-2019;0.53;0.67;0.6
Alfarroba*Graínha*SP*I*Saco 50 kg*EUR/kg;Alfarroba; Algarve;Algarve;22;27-05-2019;4.5;5.15;5.0
Alfarroba*Inteira*SP*II*Saco 50 kg*EUR/kg;Alfarroba; Algarve;Algarve;22;27-05-2019;0.53;0.67;0.6
Alfarroba*Triturado Grosso*SP*II*Saco 50 kg*EUR/kg;Alfarroba; Algarve;Algarve;25;17-06-2019;0.15;0.18;0.17
Alfarroba*Triturado Grosso*SP*II*Saco 50 kg*EUR/kg;Alfarroba; Algarve;Algarve;24;10-06-2019;0.15;0.18;0.17
Alfarroba*Graínha*SP*I*Saco 50 kg*EUR/kg;Alfarroba; Algarve;Algarve;25;17-06-2019;4.5;5.25;5.0
Alfarroba*Inteira*SP*II*Saco 50 kg*EUR/kg;Alfarroba; Algarve;Algarve;25;17-06-2019;0.53;0.67;0.6
Alfarroba*Graínha*SP*I*Saco 50 kg*EUR/kg;Alfarroba; Algarve;Algarve;26;24-06-2019;4.5;5.25;5.0
Alfarroba*Inteira*SP*II*Saco 50 kg*EUR/kg;Alfarroba; Algarve;Algarve;26;24-06-2019;0.53;0.63;0.6
Alfarroba*Triturado Grosso*SP*II*Saco 50 kg*EUR/kg;Alfarroba; Algarve;Algarve;26;24-06-2019;0.15;0.18;0.17
Alfarroba*Graínha*SP*I*Saco 50 kg*EUR/kg;Alfarroba; Algarve;Algarve;27;01-07-2019;4.5;5.25;5.0
Alfarroba*Inteira*SP*II*Saco 50 kg*EUR/kg;Alfarroba; Algarve;Algarve;27;01-07-2019;0.53;0.63;0.6
Alfarroba*Triturado Grosso*SP*II*Saco 50 kg*EUR/kg;Alfarroba; Algarve;Algarve;29;15-07-2019;0.15;0.18;0.17
Alfarroba*Triturado Grosso*SP*II*Saco 50 kg*EUR/kg;Alfarroba; Algarve;Algarve;27;01-07-2019;0.15;0.18;0.17
Alfarroba*Graínha*SP*I*Saco 50 kg*EUR/kg;Alfarroba; Algarve;Algarve;28;08-07-2019;4.5;5.25;5.0
Alfarroba*Inteira*SP*II*Saco 50 kg*EUR/kg;Alfarroba; Algarve;Algarve;28;08-07-2019;0.53;0.63;0.6
Alfarroba*Triturado Grosso*SP*II*Saco 50 kg*EUR/kg;Alfarroba; Algarve;Algarve;28;08-07-2019;0.15;0.18;0.17
Alfarroba*Graínha*SP*I*Saco 50 kg*EUR/kg;Alfarroba; Algarve;Algarve;29;15-07-2019;4.5;5.25;5.0
Alfarroba*Inteira*SP*II*Saco 50 kg*EUR/kg;Alfarroba; Algarve;Algarve;29;15-07-2019;0.53;0.63;0.6
Alfarroba*Graínha*SP*I*Saco 50 kg*EUR/kg;Alfarroba; Algarve;Algarve;30;22-07-2019;4.5;5.25;5.0
Alfarroba*Triturado Grosso*SP*II*Saco 50 kg*EUR/kg;Alfarroba; Algarve;Algarve;30;22-07-2019;0.15;0.18;0.17
Alfarroba*Graínha*SP*I*Saco 50 kg*EUR/kg;Alfarroba; Algarve;Algarve;31;29-07-2019;4.5;5.25;5.0
Alfarroba*Inteira*SP*II*Saco 50 kg*EUR/kg;Alfarroba; Algarve;Algarve;31;29-07-2019;0.53;0.63;0.6
Alfarroba*Inteira*SP*II*Saco 50 kg*EUR/kg;Alfarroba; Algarve;Algarve;30;22-07-2019;0.53;0.63;0.6
Alfarroba*Triturado Grosso*SP*II*Saco 50 kg*EUR/kg;Alfarroba; Algarve;Algarve;32;05-08-2019;0.15;0.18;0.17
Alfarroba*Triturado Grosso*SP*II*Saco 50 kg*EUR/kg;Alfarroba; Algarve;Algarve;31;29-07-2019;0.15;0.18;0.17
Alfarroba*Graínha*SP*I*Saco 50 kg*EUR/kg;Alfarroba; Algarve;Algarve;32;05-08-2019;4.5;5.25;5.0
Alfarroba*Inteira*SP*II*Saco 50 kg*EUR/kg;Alfarroba; Algarve;Algarve;32;05-08-2019;0.53;0.63;0.6
Alfarroba*Graínha*SP*I*Saco 50 kg*EUR/kg;Alfarroba; Algarve;Algarve;34;19-08-2019;4.5;5.25;5.0
Alfarroba*Inteira*SP*II*Saco 50 kg*EUR/kg;Alfarroba; Algarve;Algarve;34;19-08-2019;0.53;0.63;0.6
Alfarroba*Triturado Grosso*SP*II*Saco 50 kg*EUR/kg;Alfarroba; Algarve;Algarve;34;19-08-2019;0.12;0.17;0.16
Alfarroba*Graínha*SP*I*Saco 50 kg*EUR/kg;Alfarroba; Algarve;Algarve;35;26-08-2019;4.5;5.25;5.0
Alfarroba*Inteira*SP*II*Saco 50 kg*EUR/kg;Alfarroba; Algarve;Algarve;35;26-08-2019;0.53;0.63;0.6
Alfarroba*Graínha*SP*I*Saco 50 kg*EUR/kg;Alfarroba; Algarve;Algarve;33;12-08-2019;4.5;5.25;5.0
Alfarroba*Inteira*SP*II*Saco 50 kg*EUR/kg;Alfarroba; Algarve;Algarve;33;12-08-2019;0.53;0.63;0.6
Alfarroba*Triturado Grosso*SP*II*Saco 50 kg*EUR/kg;Alfarroba; Algarve;Algarve;33;12-08-2019;0.15;0.18;0.17
Alfarroba*Triturado Grosso*SP*II*Saco 50 kg*EUR/kg;Alfarroba; Algarve;Algarve;35;26-08-2019;0.12;0.17;0.16
Alfarroba*Graínha*SP*I*Saco 50 kg*EUR/kg;Alfarroba; Algarve;Algarve;36;02-09-2019;4.5;5.25;5.0
Alfarroba*Inteira*SP*II*Saco 50 kg*EUR/kg;Alfarroba; Algarve;Algarve;36;02-09-2019;0.53;0.63;0.6
Alfarroba*Triturado Grosso*SP*II*Saco 50 kg*EUR/kg;Alfarroba; Algarve;Algarve;37;09-09-2019;0.12;0.17;0.16
Alfarroba*Triturado Grosso*SP*II*Saco 50 kg*EUR/kg;Alfarroba; Algarve;Algarve;36;02-09-2019;0.12;0.17;0.16
Alfarroba*Graínha*SP*I*Saco 50 kg*EUR/kg;Alfarroba; Algarve;Algarve;37;09-09-2019;4.5;5.25;5.0
Alfarroba*Inteira*SP*II*Saco 50 kg*EUR/kg;Alfarroba; Algarve;Algarve;37;09-09-2019;0.53;0.63;0.6
Alfarroba*Graínha*SP*I*Saco 50 kg*EUR/kg;Alfarroba; Algarve;Algarve;38;16-09-2019;4.5;5.25;5.0
Alfarroba*Inteira*SP*II*Saco 50 kg*EUR/kg;Alfarroba; Algarve;Algarve;38;16-09-2019;0.53;0.63;0.6
Alfarroba*Triturado Grosso*SP*II*Saco 50 kg*EUR/kg;Alfarroba; Algarve;Algarve;38;16-09-2019;0.12;0.17;0.16
Alfarroba*Graínha*SP*I*Saco 50 kg*EUR/kg;Alfarroba; Algarve;Algarve;39;23-09-2019;4.5;5.25;5.0
Alfarroba*Inteira*SP*II*Saco 50 kg*EUR/kg;Alfarroba; Algarve;Algarve;39;23-09-2019;0.53;0.63;0.6
Alfarroba*Triturado Grosso*SP*II*Saco 50 kg*EUR/kg;Alfarroba; Algarve;Algarve;39;23-09-2019;0.12;0.17;0.16
Alfarroba*Graínha*SP*I*Saco 50 kg*EUR/kg;Alfarroba; Algarve;Algarve;40;30-09-2019;4.5;5.25;5.0
Alfarroba*Inteira*SP*II*Saco 50 kg*EUR/kg;Alfarroba; Algarve;Algarve;40;30-09-2019;0.53;0.63;0.6
Alfarroba*Triturado Grosso*SP*II*Saco 50 kg*EUR/kg;Alfarroba; Algarve;Algarve;40;30-09-2019;0.12;0.17;0.16
Alfarroba*Graínha*SP*I*Saco 50 kg*EUR/kg;Alfarroba; Algarve;Algarve;41;07-10-2019;4.5;5.2;5.0
Alfarroba*Inteira*SP*II*Saco 50 kg*EUR/kg;Alfarroba; Algarve;Algarve;41;07-10-2019;0.53;0.63;0.6
Alfarroba*Triturado Grosso*SP*II*Saco 50 kg*EUR/kg;Alfarroba; Algarve;Algarve;41;07-10-2019;0.12;0.15;0.14
Alfarroba*Graínha*SP*I*Saco 50 kg*EUR/kg;Alfarroba; Algarve;Algarve;42;14-10-2019;4.5;5.2;5.0
Alfarroba*Inteira*SP*II*Saco 50 kg*EUR/kg;Alfarroba; Algarve;Algarve;42;14-10-2019;0.53;0.63;0.6
Alfarroba*Triturado Grosso*SP*II*Saco 50 kg*EUR/kg;Alfarroba; Algarve;Algarve;42;14-10-2019;0.12;0.15;0.14
Alfarroba*Graínha*SP*I*Saco 50 kg*EUR/kg;Alfarroba; Algarve;Algarve;43;21-10-2019;4.5;5.2;5.0
Alfarroba*Inteira*SP*II*Saco 50 kg*EUR/kg;Alfarroba; Algarve;Algarve;43;21-10-2019;0.53;0.63;0.6
Alfarroba*Triturado Grosso*SP*II*Saco 50 kg*EUR/kg;Alfarroba; Algarve;Algarve;44;28-10-2019;0.12;0.15;0.14
Alfarroba*Triturado Grosso*SP*II*Saco 50 kg*EUR/kg;Alfarroba; Algarve;Algarve;43;21-10-2019;0.12;0.15;0.14
Alfarroba*Graínha*SP*I*Saco 50 kg*EUR/kg;Alfarroba; Algarve;Algarve;44;28-10-2019;4.5;5.2;5.0
Alfarroba*Inteira*SP*II*Saco 50 kg*EUR/kg;Alfarroba; Algarve;Algarve;44;28-10-2019;0.53;0.67;0.6
Alfarroba*Graínha*SP*I*Saco 50 kg*EUR/kg;Alfarroba; Algarve;Algarve;45;04-11-2019;4.5;5.2;5.0
Alfarroba*Inteira*SP*II*Saco 50 kg*EUR/kg;Alfarroba; Algarve;Algarve;45;04-11-2019;0.53;0.67;0.6
Alfarroba*Triturado Grosso*SP*II*Saco 50 kg*EUR/kg;Alfarroba; Algarve;Algarve;45;04-11-2019;0.12;0.16;0.14
Alfarroba*Graínha*SP*I*Saco 50 kg*EUR/kg;Alfarroba; Algarve;Algarve;46;11-11-2019;4.5;5.2;5.0
Alfarroba*Inteira*SP*II*Saco 50 kg*EUR/kg;Alfarroba; Algarve;Algarve;46;11-11-2019;0.53;0.67;0.6
Alfarroba*Triturado Grosso*SP*II*Saco 50 kg*EUR/kg;Alfarroba; Algarve;Algarve;48;25-11-2019;0.14;0.17;0.16
Alfarroba*Triturado Grosso*SP*II*Saco 50 kg*EUR/kg;Alfarroba; Algarve;Algarve;46;11-11-2019;0.12;0.16;0.14
Alfarroba*Graínha*SP*I*Saco 50 kg*EUR/kg;Alfarroba; Algarve;Algarve;47;18-11-2019;4.5;5.23;5.0
Alfarroba*Inteira*SP*II*Saco 50 kg*EUR/kg;Alfarroba; Algarve;Algarve;47;18-11-2019;0.53;0.67;0.6
Alfarroba*Graínha*SP*I*Saco 50 kg*EUR/kg;Alfarroba; Algarve;Algarve;49;02-12-2019;4.5;5.23;5.0
Alfarroba*Triturado Grosso*SP*II*Saco 50 kg*EUR/kg;Alfarroba; Algarve;Algarve;47;18-11-2019;0.14;0.17;0.16
Alfarroba*Graínha*SP*I*Saco 50 kg*EUR/kg;Alfarroba; Algarve;Algarve;48;25-11-2019;4.5;5.23;5.0
Alfarroba*Inteira*SP*II*Saco 50 kg*EUR/kg;Alfarroba; Algarve;Algarve;48;25-11-2019;0.53;0.67;0.6
Alfarroba*Inteira*SP*II*Saco 50 kg*EUR/kg;Alfarroba; Algarve;Algarve;49;02-12-2019;0.53;0.67;0.6
Alfarroba*Triturado Grosso*SP*II*Saco 50 kg*EUR/kg;Alfarroba; Algarve;Algarve;49;02-12-2019;0.14;0.17;0.16
Alfarroba*Triturado Grosso*SP*II*Saco 50 kg*EUR/kg;Alfarroba; Algarve;Algarve;51;16-12-2019;0.14;0.18;0.17
Alfarroba*Graínha*SP*I*Saco 50 kg*EUR/kg;Alfarroba; Algarve;Algarve;50;09-12-2019;4.5;5.23;5.0
Alfarroba*Inteira*SP*II*Saco 50 kg*EUR/kg;Alfarroba; Algarve;Algarve;50;09-12-2019;0.53;0.67;0.6
Alfarroba*Triturado Grosso*SP*II*Saco 50 kg*EUR/kg;Alfarroba; Algarve;Algarve;50;09-12-2019;0.14;0.17;0.16
Alfarroba*Graínha*SP*I*Saco 50 kg*EUR/kg;Alfarroba; Algarve;Algarve;51;16-12-2019;5.0;6.0;5.5
Alfarroba*Inteira*SP*II*Saco 50 kg*EUR/kg;Alfarroba; Algarve;Algarve;51;16-12-2019;0.53;0.7;0.6
Alfarroba*Graínha*SP*I*Saco 50 kg*EUR/kg;Alfarroba; Algarve;Algarve;52;23-12-2019;5.0;6.0;5.5
Alfarroba*Graínha*SP*I*Saco 50 kg*EUR/kg;Alfarroba; Algarve;Algarve;1;30-12-2019;5.0;6.0;5.5
Alfarroba*Inteira*SP*II*Saco 50 kg*EUR/kg;Alfarroba; Algarve;Algarve;1;30-12-2019;0.53;0.7;0.6
Alfarroba*Inteira*SP*II*Saco 50 kg*EUR/kg;Alfarroba; Algarve;Algarve;52;23-12-2019;0.53;0.7;0.6
Alfarroba*Triturado Grosso*SP*II*Saco 50 kg*EUR/kg;Alfarroba; Algarve;Algarve;52;23-12-2019;0.14;0.18;0.17
Alfarroba*Triturado Grosso*SP*II*Saco 50 kg*EUR/kg;Alfarroba; Algarve;Algarve;2;06-01-2020;0.14;0.18;0.17
Alfarroba*Triturado Grosso*SP*II*Saco 50 kg*EUR/kg;Alfarroba; Algarve;Algarve;1;30-12-2019;0.14;0.18;0.17
Alfarroba*Graínha*SP*I*Saco 50 kg*EUR/kg;Alfarroba; Algarve;Algarve;2;06-01-2020;5.0;6.0;5.5
Alfarroba*Inteira*SP*II*Saco 50 kg*EUR/kg;Alfarroba; Algarve;Algarve;2;06-01-2020;0.53;0.7;0.6
Alfarroba*Graínha*SP*I*Saco 50 kg*EUR/kg;Alfarroba; Algarve;Algarve;3;13-01-2020;5.0;6.0;5.5
Alfarroba*Inteira*SP*II*Saco 50 kg*EUR/kg;Alfarroba; Algarve;Algarve;3;13-01-2020;0.53;0.7;0.6
Alfarroba*Triturado Grosso*SP*II*Saco 50 kg*EUR/kg;Alfarroba; Algarve;Algarve;3;13-01-2020;0.14;0.18;0.17
Alfarroba*Triturado Grosso*SP*II*Saco 50 kg*EUR/kg;Alfarroba; Algarve;Algarve;4;20-01-2020;0.15;0.19;0.18
Alfarroba*Graínha*SP*I*Saco 50 kg*EUR/kg;Alfarroba; Algarve;Algarve;5;27-01-2020;5.0;6.1;5.5
Alfarroba*Inteira*SP*II*Saco 50 kg*EUR/kg;Alfarroba; Algarve;Algarve;5;27-01-2020;0.47;0.63;0.53
Alfarroba*Graínha*SP*I*Saco 50 kg*EUR/kg;Alfarroba; Algarve;Algarve;4;20-01-2020;5.0;6.1;5.5
Alfarroba*Triturado Grosso*SP*II*Saco 50 kg*EUR/kg;Alfarroba; Algarve;Algarve;5;27-01-2020;0.15;0.19;0.18
Alfarroba*Inteira*SP*II*Saco 50 kg*EUR/kg;Alfarroba; Algarve;Algarve;4;20-01-2020;0.47;0.63;0.53
Alfarroba*Triturado Grosso*SP*II*Saco 50 kg*EUR/kg;Alfarroba; Algarve;Algarve;7;10-02-2020;0.15;0.19;0.18
Alfarroba*Graínha*SP*I*Saco 50 kg*EUR/kg;Alfarroba; Algarve;Algarve;6;03-02-2020;5.0;6.1;5.5
Alfarroba*Inteira*SP*II*Saco 50 kg*EUR/kg;Alfarroba; Algarve;Algarve;6;03-02-2020;0.47;0.63;0.53
Alfarroba*Triturado Grosso*SP*II*Saco 50 kg*EUR/kg;Alfarroba; Algarve;Algarve;6;03-02-2020;0.15;0.19;0.18
Alfarroba*Graínha*SP*I*Saco 50 kg*EUR/kg;Alfarroba; Algarve;Algarve;7;10-02-2020;5.0;6.1;5.5
Alfarroba*Inteira*SP*II*Saco 50 kg*EUR/kg;Alfarroba; Algarve;Algarve;7;10-02-2020;0.47;0.63;0.53
Alfarroba*Triturado Grosso*SP*II*Saco 50 kg*EUR/kg;Alfarroba; Algarve;Algarve;9;24-02-2020;0.15;0.2;0.18
Alfarroba*Graínha*SP*I*Saco 50 kg*EUR/kg;Alfarroba; Algarve;Algarve;10;02-03-2020;5.5;6.5;6.0
Alfarroba*Inteira*SP*II*Saco 50 kg*EUR/kg;Alfarroba; Algarve;Algarve;10;02-03-2020;0.53;0.7;0.6
Alfarroba*Triturado Grosso*SP*II*Saco 50 kg*EUR/kg;Alfarroba; Algarve;Algarve;10;02-03-2020;0.15;0.2;0.18
Alfarroba*Graínha*SP*I*Saco 50 kg*EUR/kg;Alfarroba; Algarve;Algarve;11;09-03-2020;5.5;6.5;6.0
Alfarroba*Inteira*SP*II*Saco 50 kg*EUR/kg;Alfarroba; Algarve;Algarve;11;09-03-2020;0.53;0.7;0.6
Alfarroba*Graínha*SP*I*Saco 50 kg*EUR/kg;Alfarroba; Algarve;Algarve;8;17-02-2020;5.5;6.5;6.0
Alfarroba*Inteira*SP*II*Saco 50 kg*EUR/kg;Alfarroba; Algarve;Algarve;8;17-02-2020;0.53;0.7;0.6
Alfarroba*Triturado Grosso*SP*II*Saco 50 kg*EUR/kg;Alfarroba; Algarve;Algarve;8;17-02-2020;0.15;0.2;0.18
Alfarroba*Triturado Grosso*SP*II*Saco 50 kg*EUR/kg;Alfarroba; Algarve;Algarve;11;09-03-2020;0.15;0.2;0.18
Alfarroba*Graínha*SP*I*Saco 50 kg*EUR/kg;Alfarroba; Algarve;Algarve;12;16-03-2020;5.5;6.5;6.0
Alfarroba*Inteira*SP*II*Saco 50 kg*EUR/kg;Alfarroba; Algarve;Algarve;12;16-03-2020;0.53;0.7;0.6
Alfarroba*Graínha*SP*I*Saco 50 kg*EUR/kg;Alfarroba; Algarve;Algarve;9;24-02-2020;5.5;6.5;6.0
Alfarroba*Triturado Grosso*SP*II*Saco 50 kg*EUR/kg;Alfarroba; Algarve;Algarve;12;16-03-2020;0.15;0.2;0.18
Alfarroba*Inteira*SP*II*Saco 50 kg*EUR/kg;Alfarroba; Algarve;Algarve;9;24-02-2020;0.53;0.7;0.6
Alfarroba*Triturado Grosso*SP*II*Saco 50 kg*EUR/kg;Alfarroba; Algarve;Algarve;14;30-03-2020;0.16;0.21;0.19
Alfarroba*Graínha*SP*I*Saco 50 kg*EUR/kg;Alfarroba; Algarve;Algarve;15;06-04-2020;6.0;7.0;6.5
Alfarroba*Inteira*SP*II*Saco 50 kg*EUR/kg;Alfarroba; Algarve;Algarve;15;06-04-2020;0.6;0.8;0.67
Alfarroba*Triturado Grosso*SP*II*Saco 50 kg*EUR/kg;Alfarroba; Algarve;Algarve;15;06-04-2020;0.16;0.21;0.19
Alfarroba*Graínha*SP*I*Saco 50 kg*EUR/kg;Alfarroba; Algarve;Algarve;16;13-04-2020;6.0;7.0;6.5
Alfarroba*Inteira*SP*II*Saco 50 kg*EUR/kg;Alfarroba; Algarve;Algarve;16;13-04-2020;0.6;0.8;0.67
Alfarroba*Triturado Grosso*SP*II*Saco 50 kg*EUR/kg;Alfarroba; Algarve;Algarve;16;13-04-2020;0.16;0.21;0.19
Alfarroba*Graínha*SP*I*Saco 50 kg*EUR/kg;Alfarroba; Algarve;Algarve;13;23-03-2020;5.5;6.5;6.0
Alfarroba*Inteira*SP*II*Saco 50 kg*EUR/kg;Alfarroba; Algarve;Algarve;13;23-03-2020;0.53;0.7;0.6
Alfarroba*Graínha*SP*I*Saco 50 kg*EUR/kg;Alfarroba; Algarve;Algarve;17;20-04-2020;6.0;7.0;6.5
Alfarroba*Inteira*SP*II*Saco 50 kg*EUR/kg;Alfarroba; Algarve;Algarve;17;20-04-2020;0.6;0.8;0.67
Alfarroba*Triturado Grosso*SP*II*Saco 50 kg*EUR/kg;Alfarroba; Algarve;Algarve;13;23-03-2020;0.15;0.2;0.18
Alfarroba*Triturado Grosso*SP*II*Saco 50 kg*EUR/kg;Alfarroba; Algarve;Algarve;17;20-04-2020;0.16;0.21;0.19
Alfarroba*Graínha*SP*I*Saco 50 kg*EUR/kg;Alfarroba; Algarve;Algarve;14;30-03-2020;6.0;7.0;6.5
Alfarroba*Inteira*SP*II*Saco 50 kg*EUR/kg;Alfarroba; Algarve;Algarve;14;30-03-2020;0.6;0.8;0.67
Alfarroba*Graínha*SP*I*Saco 50 kg*EUR/kg;Alfarroba; Algarve;Algarve;18;27-04-2020;6.0;7.0;6.5
Alfarroba*Inteira*SP*II*Saco 50 kg*EUR/kg;Alfarroba; Algarve;Algarve;18;27-04-2020;0.6;0.8;0.67
Alfarroba*Triturado Grosso*SP*II*Saco 50 kg*EUR/kg;Alfarroba; Algarve;Algarve;18;27-04-2020;0.16;0.2;0.19
Alfarroba*Graínha*SP*I*Saco 50 kg*EUR/kg;Alfarroba; Algarve;Algarve;19;04-05-2020;6.0;7.0;6.5
Alfarroba*Inteira*SP*II*Saco 50 kg*EUR/kg;Alfarroba; Algarve;Algarve;19;04-05-2020;0.6;0.8;0.67
Alfarroba*Triturado Grosso*SP*II*Saco 50 kg*EUR/kg;Alfarroba; Algarve;Algarve;19;04-05-2020;0.16;0.2;0.19
Alfarroba*Graínha*SP*I*Saco 50 kg*EUR/kg;Alfarroba; Algarve;Algarve;20;11-05-2020;6.0;7.0;6.5
Alfarroba*Inteira*SP*II*Saco 50 kg*EUR/kg;Alfarroba; Algarve;Algarve;20;11-05-2020;0.6;0.8;0.67
Alfarroba*Graínha*SP*I*Saco 50 kg*EUR/kg;Alfarroba; Algarve;Algarve;23;01-06-2020;6.0;7.0;6.5
Alfarroba*Inteira*SP*II*Saco 50 kg*EUR/kg;Alfarroba; Algarve;Algarve;23;01-06-2020;0.6;0.8;0.67
Alfarroba*Triturado Grosso*SP*II*Saco 50 kg*EUR/kg;Alfarroba; Algarve;Algarve;23;01-06-2020;0.16;0.2;0.19
Alfarroba*Graínha*SP*I*Saco 50 kg*EUR/kg;Alfarroba; Algarve;Algarve;24;08-06-2020;6.0;7.0;6.5
Alfarroba*Inteira*SP*II*Saco 50 kg*EUR/kg;Alfarroba; Algarve;Algarve;24;08-06-2020;0.6;0.8;0.67
Alfarroba*Triturado Grosso*SP*II*Saco 50 kg*EUR/kg;Alfarroba; Algarve;Algarve;24;08-06-2020;0.16;0.2;0.19
Alfarroba*Triturado Grosso*SP*II*Saco 50 kg*EUR/kg;Alfarroba; Algarve;Algarve;20;11-05-2020;0.16;0.2;0.19
Alfarroba*Graínha*SP*I*Saco 50 kg*EUR/kg;Alfarroba; Algarve;Algarve;21;18-05-2020;6.0;7.0;6.5
Alfarroba*Inteira*SP*II*Saco 50 kg*EUR/kg;Alfarroba; Algarve;Algarve;21;18-05-2020;0.6;0.8;0.67
Alfarroba*Graínha*SP*I*Saco 50 kg*EUR/kg;Alfarroba; Algarve;Algarve;25;15-06-2020;6.0;7.0;6.5
Alfarroba*Triturado Grosso*SP*II*Saco 50 kg*EUR/kg;Alfarroba; Algarve;Algarve;21;18-05-2020;0.16;0.2;0.19
Alfarroba*Graínha*SP*I*Saco 50 kg*EUR/kg;Alfarroba; Algarve;Algarve;22;25-05-2020;6.0;7.0;6.5
Alfarroba*Inteira*SP*II*Saco 50 kg*EUR/kg;Alfarroba; Algarve;Algarve;22;25-05-2020;0.6;0.8;0.67
Alfarroba*Inteira*SP*II*Saco 50 kg*EUR/kg;Alfarroba; Algarve;Algarve;25;15-06-2020;0.6;0.8;0.67
Alfarroba*Triturado Grosso*SP*II*Saco 50 kg*EUR/kg;Alfarroba; Algarve;Algarve;22;25-05-2020;0.16;0.2;0.19
Alfarroba*Triturado Grosso*SP*II*Saco 50 kg*EUR/kg;Alfarroba; Algarve;Algarve;26;22-06-2020;0.16;0.2;0.19
Alfarroba*Graínha*SP*I*Saco 50 kg*EUR/kg;Alfarroba; Algarve;Algarve;27;29-06-2020;6.0;7.0;6.5
Alfarroba*Inteira*SP*II*Saco 50 kg*EUR/kg;Alfarroba; Algarve;Algarve;27;29-06-2020;0.6;0.83;0.67
Alfarroba*Triturado Grosso*SP*II*Saco 50 kg*EUR/kg;Alfarroba; Algarve;Algarve;27;29-06-2020;0.16;0.2;0.19
Alfarroba*Graínha*SP*I*Saco 50 kg*EUR/kg;Alfarroba; Algarve;Algarve;28;06-07-2020;6.0;7.0;6.5
Alfarroba*Inteira*SP*II*Saco 50 kg*EUR/kg;Alfarroba; Algarve;Algarve;28;06-07-2020;0.6;0.83;0.67
Alfarroba*Triturado Grosso*SP*II*Saco 50 kg*EUR/kg;Alfarroba; Algarve;Algarve;28;06-07-2020;0.16;0.2;0.19
Alfarroba*Graínha*SP*I*Saco 50 kg*EUR/kg;Alfarroba; Algarve;Algarve;29;13-07-2020;6.0;7.0;6.5
Alfarroba*Inteira*SP*II*Saco 50 kg*EUR/kg;Alfarroba; Algarve;Algarve;29;13-07-2020;0.6;0.83;0.67
Alfarroba*Triturado Grosso*SP*II*Saco 50 kg*EUR/kg;Alfarroba; Algarve;Algarve;29;13-07-2020;0.16;0.2;0.19
Alfarroba*Graínha*SP*I*Saco 50 kg*EUR/kg;Alfarroba; Algarve;Algarve;30;20-07-2020;6.0;7.0;6.5
Alfarroba*Inteira*SP*II*Saco 50 kg*EUR/kg;Alfarroba; Algarve;Algarve;30;20-07-2020;0.6;0.83;0.67
Alfarroba*Triturado Grosso*SP*II*Saco 50 kg*EUR/kg;Alfarroba; Algarve;Algarve;25;15-06-2020;0.16;0.2;0.19
Alfarroba*Graínha*SP*I*Saco 50 kg*EUR/kg;Alfarroba; Algarve;Algarve;26;22-06-2020;6.0;7.0;6.5
Alfarroba*Inteira*SP*II*Saco 50 kg*EUR/kg;Alfarroba; Algarve;Algarve;26;22-06-2020;0.6;0.8;0.67
Alfarroba*Graínha*SP*I*Saco 50 kg*EUR/kg;Alfarroba; Algarve;Algarve;32;03-08-2020;6.0;7.0;6.5
Alfarroba*Inteira*SP*II*Saco 50 kg*EUR/kg;Alfarroba; Algarve;Algarve;32;03-08-2020;0.6;0.83;0.67
Alfarroba*Triturado Grosso*SP*II*Saco 50 kg*EUR/kg;Alfarroba; Algarve;Algarve;32;03-08-2020;0.16;0.2;0.19
Alfarroba*Graínha*SP*I*Saco 50 kg*EUR/kg;Alfarroba; Algarve;Algarve;33;10-08-2020;6.0;8.0;6.5
Alfarroba*Inteira*SP*II*Saco 50 kg*EUR/kg;Alfarroba; Algarve;Algarve;33;10-08-2020;0.6;0.8;0.67
Alfarroba*Triturado Grosso*SP*II*Saco 50 kg*EUR/kg;Alfarroba; Algarve;Algarve;30;20-07-2020;0.16;0.2;0.19
Alfarroba*Graínha*SP*I*Saco 50 kg*EUR/kg;Alfarroba; Algarve;Algarve;31;27-07-2020;6.0;7.0;6.5
Alfarroba*Inteira*SP*II*Saco 50 kg*EUR/kg;Alfarroba; Algarve;Algarve;31;27-07-2020;0.6;0.83;0.67
Alfarroba*Triturado Grosso*SP*II*Saco 50 kg*EUR/kg;Alfarroba; Algarve;Algarve;33;10-08-2020;0.16;0.19;0.17
Alfarroba*Triturado Grosso*SP*II*Saco 50 kg*EUR/kg;Alfarroba; Algarve;Algarve;31;27-07-2020;0.16;0.2;0.19
Alfarroba*Triturado Grosso*SP*II*Saco 50 kg*EUR/kg;Alfarroba; Algarve;Algarve;35;24-08-2020;0.16;0.19;0.17
Alfarroba*Graínha*SP*I*Saco 50 kg*EUR/kg;Alfarroba; Algarve;Algarve;34;17-08-2020;6.0;8.0;6.5
Alfarroba*Inteira*SP*II*Saco 50 kg*EUR/kg;Alfarroba; Algarve;Algarve;34;17-08-2020;0.6;0.8;0.67
Alfarroba*Triturado Grosso*SP*II*Saco 50 kg*EUR/kg;Alfarroba; Algarve;Algarve;34;17-08-2020;0.16;0.19;0.17
Alfarroba*Graínha*SP*I*Saco 50 kg*EUR/kg;Alfarroba; Algarve;Algarve;35;24-08-2020;6.0;8.0;6.5
Alfarroba*Inteira*SP*II*Saco 50 kg*EUR/kg;Alfarroba; Algarve;Algarve;35;24-08-2020;0.6;0.8;0.67
Alfarroba*Graínha*SP*I*Saco 50 kg*EUR/kg;Alfarroba; Algarve;Algarve;36;31-08-2020;6.0;8.0;6.5
Alfarroba*Inteira*SP*II*Saco 50 kg*EUR/kg;Alfarroba; Algarve;Algarve;36;31-08-2020;0.6;0.8;0.67
Alfarroba*Triturado Grosso*SP*II*Saco 50 kg*EUR/kg;Alfarroba; Algarve;Algarve;36;31-08-2020;0.16;0.19;0.17
Alfarroba*Triturado Grosso*SP*II*Saco 50 kg*EUR/kg;Alfarroba; Algarve;Algarve;37;07-09-2020;0.16;0.19;0.17
Alfarroba*Graínha*SP*I*Saco 50 kg*EUR/kg;Alfarroba; Algarve;Algarve;38;14-09-2020;6.0;8.0;6.5
Alfarroba*Inteira*SP*II*Saco 50 kg*EUR/kg;Alfarroba; Algarve;Algarve;38;14-09-2020;0.6;0.8;0.67
Alfarroba*Graínha*SP*I*Saco 50 kg*EUR/kg;Alfarroba; Algarve;Algarve;37;07-09-2020;6.0;8.0;6.5
Alfarroba*Inteira*SP*II*Saco 50 kg*EUR/kg;Alfarroba; Algarve;Algarve;37;07-09-2020;0.6;0.8;0.67
Alfarroba*Triturado Grosso*SP*II*Saco 50 kg*EUR/kg;Alfarroba; Algarve;Algarve;38;14-09-2020;0.16;0.19;0.17
Alfarroba*Graínha*SP*I*Saco 50 kg*EUR/kg;Alfarroba; Algarve;Algarve;39;21-09-2020;6.0;8.0;6.5
Alfarroba*Inteira*SP*II*Saco 50 kg*EUR/kg;Alfarroba; Algarve;Algarve;39;21-09-2020;0.6;0.8;0.67
Alfarroba*Graínha*SP*I*Saco 50 kg*EUR/kg;Alfarroba; Algarve;Algarve;42;12-10-2020;6.0;7.8;6.5
Alfarroba*Triturado Grosso*SP*II*Saco 50 kg*EUR/kg;Alfarroba; Algarve;Algarve;39;21-09-2020;0.16;0.19;0.17
Alfarroba*Graínha*SP*I*Saco 50 kg*EUR/kg;Alfarroba; Algarve;Algarve;40;28-09-2020;6.0;7.7;6.5
Alfarroba*Inteira*SP*II*Saco 50 kg*EUR/kg;Alfarroba; Algarve;Algarve;40;28-09-2020;0.67;0.87;0.8
Alfarroba*Triturado Grosso*SP*II*Saco 50 kg*EUR/kg;Alfarroba; Algarve;Algarve;40;28-09-2020;0.15;0.18;0.16
Alfarroba*Graínha*SP*I*Saco 50 kg*EUR/kg;Alfarroba; Algarve;Algarve;41;05-10-2020;6.0;7.8;6.5
Alfarroba*Inteira*SP*II*Saco 50 kg*EUR/kg;Alfarroba; Algarve;Algarve;41;05-10-2020;0.67;0.87;0.8
Alfarroba*Inteira*SP*II*Saco 50 kg*EUR/kg;Alfarroba; Algarve;Algarve;42;12-10-2020;0.67;0.87;0.8
Alfarroba*Triturado Grosso*SP*II*Saco 50 kg*EUR/kg;Alfarroba; Algarve;Algarve;42;12-10-2020;0.15;0.18;0.15
Alfarroba*Triturado Grosso*SP*II*Saco 50 kg*EUR/kg;Alfarroba; Algarve;Algarve;41;05-10-2020;0.15;0.18;0.15
Alfarroba*Triturado Grosso*SP*II*Saco 50 kg*EUR/kg;Alfarroba; Algarve;Algarve;43;19-10-2020;0.15;0.18;0.15
Alfarroba*Graínha*SP*I*Saco 50 kg*EUR/kg;Alfarroba; Algarve;Algarve;43;19-10-2020;6.0;7.8;6.5
Alfarroba*Graínha*SP*I*Saco 50 kg*EUR/kg;Alfarroba; Algarve;Algarve;44;26-10-2020;6.0;7.8;6.5
Alfarroba*Inteira*SP*II*Saco 50 kg*EUR/kg;Alfarroba; Algarve;Algarve;44;26-10-2020;0.67;0.87;0.8
Alfarroba*Triturado Grosso*SP*II*Saco 50 kg*EUR/kg;Alfarroba; Algarve;Algarve;44;26-10-2020;0.15;0.18;0.15
Alfarroba*Graínha*SP*I*Saco 50 kg*EUR/kg;Alfarroba; Algarve;Algarve;45;02-11-2020;6.0;7.8;6.5
Alfarroba*Inteira*SP*II*Saco 50 kg*EUR/kg;Alfarroba; Algarve;Algarve;45;02-11-2020;0.67;0.87;0.8
Alfarroba*Triturado Grosso*SP*II*Saco 50 kg*EUR/kg;Alfarroba; Algarve;Algarve;45;02-11-2020;0.15;0.18;0.15
Alfarroba*Graínha*SP*I*Saco 50 kg*EUR/kg;Alfarroba; Algarve;Algarve;46;09-11-2020;6.0;7.8;6.5
Alfarroba*Inteira*SP*II*Saco 50 kg*EUR/kg;Alfarroba; Algarve;Algarve;46;09-11-2020;0.67;0.87;0.8
Alfarroba*Triturado Grosso*SP*II*Saco 50 kg*EUR/kg;Alfarroba; Algarve;Algarve;46;09-11-2020;0.15;0.18;0.15
Alfarroba*Graínha*SP*I*Saco 50 kg*EUR/kg;Alfarroba; Algarve;Algarve;47;16-11-2020;6.0;7.0;6.5
Alfarroba*Inteira*SP*II*Saco 50 kg*EUR/kg;Alfarroba; Algarve;Algarve;47;16-11-2020;0.67;0.87;0.8
Alfarroba*Triturado Grosso*SP*II*Saco 50 kg*EUR/kg;Alfarroba; Algarve;Algarve;47;16-11-2020;0.14;0.16;0.14
Alfarroba*Graínha*SP*I*Saco 50 kg*EUR/kg;Alfarroba; Algarve;Algarve;48;23-11-2020;6.0;7.0;6.5
Alfarroba*Inteira*SP*II*Saco 50 kg*EUR/kg;Alfarroba; Algarve;Algarve;48;23-11-2020;0.67;0.87;0.8
Alfarroba*Inteira*SP*II*Saco 50 kg*EUR/kg;Alfarroba; Algarve;Algarve;43;19-10-2020;0.67;0.87;0.8
Alfarroba*Triturado Grosso*SP*II*Saco 50 kg*EUR/kg;Alfarroba; Algarve;Algarve;49;30-11-2020;0.14;0.16;0.14
Alfarroba*Triturado Grosso*SP*II*Saco 50 kg*EUR/kg;Alfarroba; Algarve;Algarve;48;23-11-2020;0.14;0.16;0.14
Alfarroba*Graínha*SP*I*Saco 50 kg*EUR/kg;Alfarroba; Algarve;Algarve;49;30-11-2020;6.0;7.0;6.5
Alfarroba*Inteira*SP*II*Saco 50 kg*EUR/kg;Alfarroba; Algarve;Algarve;49;30-11-2020;0.67;0.87;0.8
Alfarroba*Graínha*SP*I*Saco 50 kg*EUR/kg;Alfarroba; Algarve;Algarve;50;07-12-2020;6.0;7.0;6.5
Alfarroba*Inteira*SP*II*Saco 50 kg*EUR/kg;Alfarroba; Algarve;Algarve;50;07-12-2020;0.67;0.87;0.8
Alfarroba*Triturado Grosso*SP*II*Saco 50 kg*EUR/kg;Alfarroba; Algarve;Algarve;51;14-12-2020;0.14;0.16;0.15
Alfarroba*Graínha*SP*I*Saco 50 kg*EUR/kg;Alfarroba; Algarve;Algarve;52;21-12-2020;6.0;7.0;6.5
Alfarroba*Inteira*SP*II*Saco 50 kg*EUR/kg;Alfarroba; Algarve;Algarve;52;21-12-2020;0.67;0.87;0.8
Alfarroba*Triturado Grosso*SP*II*Saco 50 kg*EUR/kg;Alfarroba; Algarve;Algarve;52;21-12-2020;0.14;0.16;0.15
Alfarroba*Triturado Grosso*SP*II*Saco 50 kg*EUR/kg;Alfarroba; Algarve;Algarve;50;07-12-2020;0.14;0.16;0.14
Alfarroba*Graínha*SP*I*Saco 50 kg*EUR/kg;Alfarroba; Algarve;Algarve;53;28-12-2020;6.0;7.0;6.5
Alfarroba*Inteira*SP*II*Saco 50 kg*EUR/kg;Alfarroba; Algarve;Algarve;53;28-12-2020;0.67;0.87;0.8
Alfarroba*Graínha*SP*I*Saco 50 kg*EUR/kg;Alfarroba; Algarve;Algarve;51;14-12-2020;6.0;7.0;6.5
Alfarroba*Triturado Grosso*SP*II*Saco 50 kg*EUR/kg;Alfarroba; Algarve;Algarve;53;28-12-2020;0.14;0.16;0.15
Alfarroba*Graínha*SP*I*Saco 50 kg*EUR/kg;Alfarroba; Algarve;Algarve;1;04-01-2021;6.0;7.0;6.5
Alfarroba*Inteira*SP*II*Saco 50 kg*EUR/kg;Alfarroba; Algarve;Algarve;1;04-01-2021;0.67;0.87;0.8
Alfarroba*Inteira*SP*II*Saco 50 kg*EUR/kg;Alfarroba; Algarve;Algarve;51;14-12-2020;0.67;0.87;0.8
Alfarroba*Triturado Grosso*SP*II*Saco 50 kg*EUR/kg;Alfarroba; Algarve;Algarve;1;04-01-2021;0.14;0.16;0.15
Alfarroba*Graínha*SP*I*Saco 50 kg*EUR/kg;Alfarroba; Algarve;Algarve;2;11-01-2021;6.0;7.0;6.5
Alfarroba*Inteira*SP*II*Saco 50 kg*EUR/kg;Alfarroba; Algarve;Algarve;2;11-01-2021;0.67;0.87;0.8
Alfarroba*Triturado Grosso*SP*II*Saco 50 kg*EUR/kg;Alfarroba; Algarve;Algarve;2;11-01-2021;0.14;0.16;0.15
Alfarroba*Triturado Grosso*SP*II*Saco 50 kg*EUR/kg;Alfarroba; Algarve;Algarve;3;18-01-2021;0.14;0.16;0.15
Alfarroba*Graínha*SP*I*Saco 50 kg*EUR/kg;Alfarroba; Algarve;Algarve;4;25-01-2021;7.0;8.5;7.5
Alfarroba*Inteira*SP*II*Saco 50 kg*EUR/kg;Alfarroba; Algarve;Algarve;4;25-01-2021;0.67;0.87;0.8
Alfarroba*Graínha*SP*I*Saco 50 kg*EUR/kg;Alfarroba; Algarve;Algarve;3;18-01-2021;7.0;8.5;7.5
Alfarroba*Inteira*SP*II*Saco 50 kg*EUR/kg;Alfarroba; Algarve;Algarve;3;18-01-2021;0.67;0.87;0.8
Alfarroba*Triturado Grosso*SP*II*Saco 50 kg*EUR/kg;Alfarroba; Algarve;Algarve;4;25-01-2021;0.14;0.16;0.15
Alfarroba*Graínha*SP*I*Saco 50 kg*EUR/kg;Alfarroba; Algarve;Algarve;5;01-02-2021;7.0;8.5;7.5
Alfarroba*Inteira*SP*II*Saco 50 kg*EUR/kg;Alfarroba; Algarve;Algarve;5;01-02-2021;0.67;0.87;0.8
Alfarroba*Triturado Grosso*SP*II*Saco 50 kg*EUR/kg;Alfarroba; Algarve;Algarve;5;01-02-2021;0.14;0.16;0.15
Alfarroba*Graínha*SP*I*Saco 50 kg*EUR/kg;Alfarroba; Algarve;Algarve;6;08-02-2021;7.0;8.5;7.5
Alfarroba*Inteira*SP*II*Saco 50 kg*EUR/kg;Alfarroba; Algarve;Algarve;6;08-02-2021;0.67;0.87;0.8
Alfarroba*Triturado Grosso*SP*II*Saco 50 kg*EUR/kg;Alfarroba; Algarve;Algarve;6;08-02-2021;0.14;0.16;0.15
Alfarroba*Graínha*SP*I*Saco 50 kg*EUR/kg;Alfarroba; Algarve;Algarve;7;15-02-2021;7.0;8.5;7.5
Alfarroba*Inteira*SP*II*Saco 50 kg*EUR/kg;Alfarroba; Algarve;Algarve;7;15-02-2021;0.67;0.87;0.8
Alfarroba*Triturado Grosso*SP*II*Saco 50 kg*EUR/kg;Alfarroba; Algarve;Algarve;9;01-03-2021;0.12;0.15;0.14
Alfarroba*Triturado Grosso*SP*II*Saco 50 kg*EUR/kg;Alfarroba; Algarve;Algarve;7;15-02-2021;0.14;0.16;0.15
Alfarroba*Graínha*SP*I*Saco 50 kg*EUR/kg;Alfarroba; Algarve;Algarve;8;22-02-2021;7.0;8.5;7.5
Alfarroba*Inteira*SP*II*Saco 50 kg*EUR/kg;Alfarroba; Algarve;Algarve;8;22-02-2021;0.67;0.87;0.8
Alfarroba*Triturado Grosso*SP*II*Saco 50 kg*EUR/kg;Alfarroba; Algarve;Algarve;8;22-02-2021;0.14;0.16;0.15
Alfarroba*Graínha*SP*I*Saco 50 kg*EUR/kg;Alfarroba; Algarve;Algarve;9;01-03-2021;8.5;10.0;9.0
Alfarroba*Inteira*SP*II*Saco 50 kg*EUR/kg;Alfarroba; Algarve;Algarve;9;01-03-2021;0.87;1.07;1.0
Alfarroba*Graínha*SP*I*Saco 50 kg*EUR/kg;Alfarroba; Algarve;Algarve;10;08-03-2021;8.5;10.0;9.0
Alfarroba*Inteira*SP*II*Saco 50 kg*EUR/kg;Alfarroba; Algarve;Algarve;10;08-03-2021;0.87;1.07;1.0
Alfarroba*Triturado Grosso*SP*II*Saco 50 kg*EUR/kg;Alfarroba; Algarve;Algarve;10;08-03-2021;0.12;0.15;0.14
Alfarroba*Triturado Grosso*SP*II*Saco 50 kg*EUR/kg;Alfarroba; Algarve;Algarve;11;15-03-2021;0.12;0.15;0.14
Alfarroba*Graínha*SP*I*Saco 50 kg*EUR/kg;Alfarroba; Algarve;Algarve;12;22-03-2021;8.5;10.0;9.0
Alfarroba*Graínha*SP*I*Saco 50 kg*EUR/kg;Alfarroba; Algarve;Algarve;11;15-03-2021;8.5;10.0;9.0
Alfarroba*Inteira*SP*II*Saco 50 kg*EUR/kg;Alfarroba; Algarve;Algarve;11;15-03-2021;0.87;1.07;1.0
Alfarroba*Inteira*SP*II*Saco 50 kg*EUR/kg;Alfarroba; Algarve;Algarve;13;29-03-2021;1.0;1.2;1.13
Alfarroba*Inteira*SP*II*Saco 50 kg*EUR/kg;Alfarroba; Algarve;Algarve;12;22-03-2021;0.87;1.07;1.0
Alfarroba*Triturado Grosso*SP*II*Saco 50 kg*EUR/kg;Alfarroba; Algarve;Algarve;12;22-03-2021;0.12;0.15;0.14
Alfarroba*Graínha*SP*I*Saco 50 kg*EUR/kg;Alfarroba; Algarve;Algarve;13;29-03-2021;9.5;11.5;11.0
Alfarroba*Triturado Grosso*SP*II*Saco 50 kg*EUR/kg;Alfarroba; Algarve;Algarve;13;29-03-2021;0.12;0.14;0.13
Alfarroba*Graínha*SP*I*Saco 50 kg*EUR/kg;Alfarroba; Algarve;Algarve;14;05-04-2021;9.5;11.5;11.0
Alfarroba*Triturado Grosso*SP*II*Saco 50 kg*EUR/kg;Alfarroba; Algarve;Algarve;14;05-04-2021;0.12;0.14;0.13
Alfarroba*Graínha*SP*I*Saco 50 kg*EUR/kg;Alfarroba; Algarve;Algarve;15;12-04-2021;9.5;11.5;11.0
Alfarroba*Inteira*SP*II*Saco 50 kg*EUR/kg;Alfarroba; Algarve;Algarve;15;12-04-2021;1.0;1.2;1.13
Alfarroba*Inteira*SP*II*Saco 50 kg*EUR/kg;Alfarroba; Algarve;Algarve;14;05-04-2021;1.0;1.2;1.13
Alfarroba*Triturado Grosso*SP*II*Saco 50 kg*EUR/kg;Alfarroba; Algarve;Algarve;16;19-04-2021;0.12;0.14;0.13
Alfarroba*Triturado Grosso*SP*II*Saco 50 kg*EUR/kg;Alfarroba; Algarve;Algarve;15;12-04-2021;0.12;0.14;0.13
Alfarroba*Graínha*SP*I*Saco 50 kg*EUR/kg;Alfarroba; Algarve;Algarve;16;19-04-2021;9.5;11.5;11.0
Alfarroba*Inteira*SP*II*Saco 50 kg*EUR/kg;Alfarroba; Algarve;Algarve;16;19-04-2021;1.0;1.2;1.13
Alfarroba*Triturado Grosso*SP*II*Saco 50 kg*EUR/kg;Alfarroba; Algarve;Algarve;18;03-05-2021;0.12;0.14;0.13
Alfarroba*Graínha*SP*I*Saco 50 kg*EUR/kg;Alfarroba; Algarve;Algarve;19;10-05-2021;14.5;16.5;16.0
Alfarroba*Inteira*SP*II*Saco 50 kg*EUR/kg;Alfarroba; Algarve;Algarve;19;10-05-2021;1.33;1.53;1.47
Alfarroba*Graínha*SP*I*Saco 50 kg*EUR/kg;Alfarroba; Algarve;Algarve;17;26-04-2021;9.5;11.5;11.0
Alfarroba*Inteira*SP*II*Saco 50 kg*EUR/kg;Alfarroba; Algarve;Algarve;17;26-04-2021;1.0;1.2;1.13
Alfarroba*Triturado Grosso*SP*II*Saco 50 kg*EUR/kg;Alfarroba; Algarve;Algarve;17;26-04-2021;0.12;0.14;0.13
Alfarroba*Triturado Grosso*SP*II*Saco 50 kg*EUR/kg;Alfarroba; Algarve;Algarve;19;10-05-2021;0.12;0.15;0.14
Alfarroba*Graínha*SP*I*Saco 50 kg*EUR/kg;Alfarroba; Algarve;Algarve;20;17-05-2021;14.5;17.0;16.5
Alfarroba*Inteira*SP*II*Saco 50 kg*EUR/kg;Alfarroba; Algarve;Algarve;20;17-05-2021;1.47;1.67;1.6
Alfarroba*Graínha*SP*I*Saco 50 kg*EUR/kg;Alfarroba; Algarve;Algarve;18;03-05-2021;9.5;11.5;11.0
Alfarroba*Inteira*SP*II*Saco 50 kg*EUR/kg;Alfarroba; Algarve;Algarve;18;03-05-2021;1.0;1.2;1.13
Alfarroba*Triturado Grosso*SP*II*Saco 50 kg*EUR/kg;Alfarroba; Algarve;Algarve;21;24-05-2021;0.12;0.15;0.14
Alfarroba*Triturado Grosso*SP*II*Saco 50 kg*EUR/kg;Alfarroba; Algarve;Algarve;20;17-05-2021;0.12;0.15;0.14
Alfarroba*Graínha*SP*I*Saco 50 kg*EUR/kg;Alfarroba; Algarve;Algarve;21;24-05-2021;14.5;17.0;16.5
Alfarroba*Inteira*SP*II*Saco 50 kg*EUR/kg;Alfarroba; Algarve;Algarve;21;24-05-2021;1.47;1.67;1.6
Alfarroba*Graínha*SP*I*Saco 50 kg*EUR/kg;Alfarroba; Algarve;Algarve;22;31-05-2021;14.5;17.0;16.5
Alfarroba*Inteira*SP*II*Saco 50 kg*EUR/kg;Alfarroba; Algarve;Algarve;22;31-05-2021;1.47;1.67;1.6
Alfarroba*Triturado Grosso*SP*II*Saco 50 kg*EUR/kg;Alfarroba; Algarve;Algarve;22;31-05-2021;0.12;0.15;0.14
Alfarroba*Graínha*SP*I*Saco 50 kg*EUR/kg;Alfarroba; Algarve;Algarve;23;07-06-2021;14.5;17.0;16.5
Alfarroba*Inteira*SP*II*Saco 50 kg*EUR/kg;Alfarroba; Algarve;Algarve;23;07-06-2021;1.47;1.67;1.6
Alfarroba*Triturado Grosso*SP*II*Saco 50 kg*EUR/kg;Alfarroba; Algarve;Algarve;24;14-06-2021;0.12;0.15;0.14
Alfarroba*Triturado Grosso*SP*II*Saco 50 kg*EUR/kg;Alfarroba; Algarve;Algarve;23;07-06-2021;0.12;0.15;0.14
Alfarroba*Graínha*SP*I*Saco 50 kg*EUR/kg;Alfarroba; Algarve;Algarve;24;14-06-2021;14.5;16.5;16.0
Alfarroba*Inteira*SP*II*Saco 50 kg*EUR/kg;Alfarroba; Algarve;Algarve;24;14-06-2021;1.47;1.67;1.6
Alfarroba*Graínha*SP*I*Saco 50 kg*EUR/kg;Alfarroba; Algarve;Algarve;25;21-06-2021;14.5;16.5;16.0
Alfarroba*Inteira*SP*II*Saco 50 kg*EUR/kg;Alfarroba; Algarve;Algarve;25;21-06-2021;1.47;1.67;1.6
Alfarroba*Triturado Grosso*SP*II*Saco 50 kg*EUR/kg;Alfarroba; Algarve;Algarve;25;21-06-2021;0.12;0.15;0.14
Alfarroba*Triturado Grosso*SP*II*Saco 50 kg*EUR/kg;Alfarroba; Algarve;Algarve;26;28-06-2021;0.12;0.15;0.14
Alfarroba*Graínha*SP*I*Saco 50 kg*EUR/kg;Alfarroba; Algarve;Algarve;27;05-07-2021;14.5;16.5;16.0
Alfarroba*Inteira*SP*II*Saco 50 kg*EUR/kg;Alfarroba; Algarve;Algarve;27;05-07-2021;1.47;1.67;1.6
Alfarroba*Graínha*SP*I*Saco 50 kg*EUR/kg;Alfarroba; Algarve;Algarve;26;28-06-2021;14.5;16.5;16.0
Alfarroba*Inteira*SP*II*Saco 50 kg*EUR/kg;Alfarroba; Algarve;Algarve;26;28-06-2021;1.47;1.67;1.6
Alfarroba*Triturado Grosso*SP*II*Saco 50 kg*EUR/kg;Alfarroba; Algarve;Algarve;29;19-07-2021;0.12;0.15;0.14
Alfarroba*Triturado Grosso*SP*II*Saco 50 kg*EUR/kg;Alfarroba; Algarve;Algarve;27;05-07-2021;0.12;0.15;0.14
Alfarroba*Graínha*SP*I*Saco 50 kg*EUR/kg;Alfarroba; Algarve;Algarve;28;12-07-2021;14.5;16.5;16.0
Alfarroba*Inteira*SP*II*Saco 50 kg*EUR/kg;Alfarroba; Algarve;Algarve;28;12-07-2021;1.33;1.53;1.47
Alfarroba*Triturado Grosso*SP*II*Saco 50 kg*EUR/kg;Alfarroba; Algarve;Algarve;28;12-07-2021;0.12;0.15;0.14
Alfarroba*Graínha*SP*I*Saco 50 kg*EUR/kg;Alfarroba; Algarve;Algarve;29;19-07-2021;14.5;16.5;16.0
Alfarroba*Inteira*SP*II*Saco 50 kg*EUR/kg;Alfarroba; Algarve;Algarve;29;19-07-2021;1.2;1.4;1.33
Alfarroba*Graínha*SP*I*Saco 50 kg*EUR/kg;Alfarroba; Algarve;Algarve;30;26-07-2021;14.5;16.5;16.0
Alfarroba*Triturado Grosso*SP*II*Saco 50 kg*EUR/kg;Alfarroba; Algarve;Algarve;30;26-07-2021;0.12;0.15;0.14
Alfarroba*Inteira*SP*II*Saco 50 kg*EUR/kg;Alfarroba; Algarve;Algarve;30;26-07-2021;1.13;1.33;1.27
Alfarroba*Graínha*SP*I*Saco 50 kg*EUR/kg;Alfarroba; Algarve;Algarve;31;02-08-2021;14.5;15.5;15.0
Alfarroba*Inteira*SP*II*Saco 50 kg*EUR/kg;Alfarroba; Algarve;Algarve;31;02-08-2021;1.13;1.33;1.27
Alfarroba*Triturado Grosso*SP*II*Saco 50 kg*EUR/kg;Alfarroba; Algarve;Algarve;32;09-08-2021;0.12;0.15;0.14
Alfarroba*Triturado Grosso*SP*II*Saco 50 kg*EUR/kg;Alfarroba; Algarve;Algarve;31;02-08-2021;0.12;0.15;0.14
Alfarroba*Graínha*SP*I*Saco 50 kg*EUR/kg;Alfarroba; Algarve;Algarve;32;09-08-2021;14.5;15.5;15.0
Alfarroba*Inteira*SP*II*Saco 50 kg*EUR/kg;Alfarroba; Algarve;Algarve;32;09-08-2021;1.13;1.33;1.27
Alfarroba*Triturado Grosso*SP*II*Saco 50 kg*EUR/kg;Alfarroba; Algarve;Algarve;33;16-08-2021;0.12;0.15;0.14
Alfarroba*Graínha*SP*I*Saco 50 kg*EUR/kg;Alfarroba; Algarve;Algarve;34;23-08-2021;14.5;15.5;15.0
Alfarroba*Inteira*SP*II*Saco 50 kg*EUR/kg;Alfarroba; Algarve;Algarve;34;23-08-2021;1.13;1.33;1.27
Alfarroba*Graínha*SP*I*Saco 50 kg*EUR/kg;Alfarroba; Algarve;Algarve;33;16-08-2021;14.5;15.5;15.0
Alfarroba*Inteira*SP*II*Saco 50 kg*EUR/kg;Alfarroba; Algarve;Algarve;33;16-08-2021;1.13;1.33;1.27
Alfarroba*Triturado Grosso*SP*II*Saco 50 kg*EUR/kg;Alfarroba; Algarve;Algarve;34;23-08-2021;0.12;0.15;0.14
Alfarroba*Triturado Grosso*SP*II*Saco 50 kg*EUR/kg;Alfarroba; Algarve;Algarve;36;06-09-2021;0.11;0.14;0.13
Alfarroba*Graínha*SP*I*Saco 50 kg*EUR/kg;Alfarroba; Algarve;Algarve;35;30-08-2021;14.0;15.0;14.5
Alfarroba*Inteira*SP*II*Saco 50 kg*EUR/kg;Alfarroba; Algarve;Algarve;35;30-08-2021;1.27;1.47;1.4
Alfarroba*Triturado Grosso*SP*II*Saco 50 kg*EUR/kg;Alfarroba; Algarve;Algarve;35;30-08-2021;0.11;0.14;0.13
Alfarroba*Graínha*SP*I*Saco 50 kg*EUR/kg;Alfarroba; Algarve;Algarve;36;06-09-2021;14.0;15.0;14.5
Alfarroba*Inteira*SP*II*Saco 50 kg*EUR/kg;Alfarroba; Algarve;Algarve;36;06-09-2021;1.27;1.47;1.4
Alfarroba*Graínha*SP*I*Saco 50 kg*EUR/kg;Alfarroba; Algarve;Algarve;37;13-09-2021;14.0;15.0;14.5
Alfarroba*Inteira*SP*II*Saco 50 kg*EUR/kg;Alfarroba; Algarve;Algarve;37;13-09-2021;1.27;1.47;1.4
Alfarroba*Triturado Grosso*SP*II*Saco 50 kg*EUR/kg;Alfarroba; Algarve;Algarve;37;13-09-2021;0.11;0.14;0.13
Alfarroba*Graínha*SP*I*Saco 50 kg*EUR/kg;Alfarroba; Algarve;Algarve;38;20-09-2021;14.0;15.0;14.5
Alfarroba*Inteira*SP*II*Saco 50 kg*EUR/kg;Alfarroba; Algarve;Algarve;38;20-09-2021;1.27;1.47;1.4
Alfarroba*Triturado Grosso*SP*II*Saco 50 kg*EUR/kg;Alfarroba; Algarve;Algarve;38;20-09-2021;0.11;0.14;0.13
Alfarroba*Graínha*SP*I*Saco 50 kg*EUR/kg;Alfarroba; Algarve;Algarve;39;27-09-2021;14.0;15.0;14.5
Alfarroba*Inteira*SP*II*Saco 50 kg*EUR/kg;Alfarroba; Algarve;Algarve;39;27-09-2021;1.27;1.47;1.4
Alfarroba*Triturado Grosso*SP*II*Saco 50 kg*EUR/kg;Alfarroba; Algarve;Algarve;40;04-10-2021;0.11;0.14;0.13
Alfarroba*Graínha*SP*I*Saco 50 kg*EUR/kg;Alfarroba; Algarve;Algarve;41;11-10-2021;14.0;15.0;14.5
Alfarroba*Triturado Grosso*SP*II*Saco 50 kg*EUR/kg;Alfarroba; Algarve;Algarve;39;27-09-2021;0.11;0.14;0.13
Alfarroba*Graínha*SP*I*Saco 50 kg*EUR/kg;Alfarroba; Algarve;Algarve;40;04-10-2021;14.0;15.0;14.5
Alfarroba*Inteira*SP*II*Saco 50 kg*EUR/kg;Alfarroba; Algarve;Algarve;40;04-10-2021;1.27;1.47;1.4
Alfarroba*Inteira*SP*II*Saco 50 kg*EUR/kg;Alfarroba; Algarve;Algarve;41;11-10-2021;1.27;1.47;1.4
Alfarroba*Triturado Grosso*SP*II*Saco 50 kg*EUR/kg;Alfarroba; Algarve;Algarve;41;11-10-2021;0.11;0.14;0.13
Alfarroba*Graínha*SP*I*Saco 50 kg*EUR/kg;Alfarroba; Algarve;Algarve;42;18-10-2021;14.0;15.0;14.5
Alfarroba*Inteira*SP*II*Saco 50 kg*EUR/kg;Alfarroba; Algarve;Algarve;42;18-10-2021;1.27;1.47;1.4
Alfarroba*Triturado Grosso*SP*II*Saco 50 kg*EUR/kg;Alfarroba; Algarve;Algarve;44;01-11-2021;0.11;0.14;0.13
Alfarroba*Triturado Grosso*SP*II*Saco 50 kg*EUR/kg;Alfarroba; Algarve;Algarve;42;18-10-2021;0.11;0.14;0.13
Alfarroba*Graínha*SP*I*Saco 50 kg*EUR/kg;Alfarroba; Algarve;Algarve;43;25-10-2021;14.0;15.0;14.5
Alfarroba*Inteira*SP*II*Saco 50 kg*EUR/kg;Alfarroba; Algarve;Algarve;43;25-10-2021;1.27;1.47;1.33
Alfarroba*Graínha*SP*I*Saco 50 kg*EUR/kg;Alfarroba; Algarve;Algarve;45;08-11-2021;16.0;20.0;17.0
Alfarroba*Triturado Grosso*SP*II*Saco 50 kg*EUR/kg;Alfarroba; Algarve;Algarve;43;25-10-2021;0.11;0.14;0.13
Alfarroba*Graínha*SP*I*Saco 50 kg*EUR/kg;Alfarroba; Algarve;Algarve;44;01-11-2021;16.0;20.0;17.0
Alfarroba*Inteira*SP*II*Saco 50 kg*EUR/kg;Alfarroba; Algarve;Algarve;44;01-11-2021;1.47;1.67;1.53
Alfarroba*Inteira*SP*II*Saco 50 kg*EUR/kg;Alfarroba; Algarve;Algarve;45;08-11-2021;1.47;1.67;1.53
Alfarroba*Triturado Grosso*SP*II*Saco 50 kg*EUR/kg;Alfarroba; Algarve;Algarve;45;08-11-2021;0.11;0.14;0.13
Alfarroba*Triturado Grosso*SP*II*Saco 50 kg*EUR/kg;Alfarroba; Algarve;Algarve;46;15-11-2021;0.11;0.14;0.13
Alfarroba*Graínha*SP*I*Saco 50 kg*EUR/kg;Alfarroba; Algarve;Algarve;46;15-11-2021;16.0;20.0;17.0
Alfarroba*Inteira*SP*II*Saco 50 kg*EUR/kg;Alfarroba; Algarve;Algarve;46;15-11-2021;1.67;2.0;1.87
Alfarroba*Graínha*SP*I*Saco 50 kg*EUR/kg;Alfarroba; Algarve;Algarve;48;29-11-2021;16.0;20.0;17.0
Alfarroba*Inteira*SP*II*Saco 50 kg*EUR/kg;Alfarroba; Algarve;Algarve;25;19-06-2017;0.36;0.4;0.38
Alfarroba*Inteira*SP*II*Saco 50 kg*EUR/kg;Alfarroba; Algarve;Algarve;48;29-11-2021;1.67;2.0;1.87
Alfarroba*Triturado Grosso*SP*II*Saco 50 kg*EUR/kg;Alfarroba; Algarve;Algarve;48;29-11-2021;0.11;0.14;0.13
Alfarroba*Graínha*SP*I*Saco 50 kg*EUR/kg;Alfarroba; Algarve;Algarve;40;30-09-2024;3.0;3.75;3.5
Alfarroba*Inteira*SP*II*Saco 50 kg*EUR/kg;Alfarroba; Algarve;Algarve;40;30-09-2024;0.52;0.55;0.53
Alfarroba*Triturado Grosso*SP*II*Saco 50 kg*EUR/kg;Alfarroba; Algarve;Algarve;40;30-09-2024;0.24;0.28;0.26
Alfarroba*Graínha*SP*I*Saco 50 kg*EUR/kg;Alfarroba; Algarve;Algarve;49;06-12-2021;16.0;20.0;17.0
Alfarroba*Inteira*SP*II*Saco 50 kg*EUR/kg;Alfarroba; Algarve;Algarve;49;06-12-2021;1.67;2.0;1.87
Alfarroba*Triturado Grosso*SP*II*Saco 50 kg*EUR/kg;Alfarroba; Algarve;Algarve;49;06-12-2021;0.11;0.14;0.13
Alfarroba*Graínha*SP*I*Saco 50 kg*EUR/kg;Alfarroba; Algarve;Algarve;50;13-12-2021;16.0;20.0;17.0
Alfarroba*Inteira*SP*II*Saco 50 kg*EUR/kg;Alfarroba; Algarve;Algarve;50;13-12-2021;2.0;2.33;2.2
Alfarroba*Triturado Grosso*SP*II*Saco 50 kg*EUR/kg;Alfarroba; Algarve;Algarve;50;13-12-2021;0.11;0.14;0.13
Alfarroba*Graínha*SP*I*Saco 50 kg*EUR/kg;Alfarroba; Algarve;Algarve;41;07-10-2024;3.0;3.75;3.5
Alfarroba*Inteira*SP*II*Saco 50 kg*EUR/kg;Alfarroba; Algarve;Algarve;41;07-10-2024;0.52;0.55;0.53
Alfarroba*Triturado Grosso*SP*II*Saco 50 kg*EUR/kg;Alfarroba; Algarve;Algarve;41;07-10-2024;0.24;0.28;0.26
Alfarroba*Graínha*SP*I*Saco 50 kg*EUR/kg;Alfarroba; Algarve;Algarve;42;14-10-2024;3.0;3.75;3.5
Alfarroba*Graínha*SP*I*Saco 50 kg*EUR/kg;Alfarroba; Algarve;Algarve;51;20-12-2021;16.0;20.0;17.0
Alfarroba*Inteira*SP*II*Saco 50 kg*EUR/kg;Alfarroba; Algarve;Algarve;51;20-12-2021;2.0;2.66;2.2
Alfarroba*Triturado Grosso*SP*II*Saco 50 kg*EUR/kg;Alfarroba; Algarve;Algarve;51;20-12-2021;0.11;0.14;0.13
Alfarroba*Graínha*SP*I*Saco 50 kg*EUR/kg;Alfarroba; Algarve;Algarve;52;27-12-2021;16.0;20.0;17.0
Alfarroba*Inteira*SP*II*Saco 50 kg*EUR/kg;Alfarroba; Algarve;Algarve;52;27-12-2021;2.0;2.66;2.2
Alfarroba*Triturado Grosso*SP*II*Saco 50 kg*EUR/kg;Alfarroba; Algarve;Algarve;52;27-12-2021;0.11;0.14;0.13
Alfarroba*Inteira*SP*II*Saco 50 kg*EUR/kg;Alfarroba; Algarve;Algarve;42;14-10-2024;0.52;0.55;0.53
Alfarroba*Triturado Grosso*SP*II*Saco 50 kg*EUR/kg;Alfarroba; Algarve;Algarve;42;14-10-2024;0.24;0.28;0.26
Alfarroba*Graínha*SP*I*Saco 50 kg*EUR/kg;Alfarroba; Algarve;Algarve;2;10-01-2022;21.0;25.0;22.0
Alfarroba*Graínha*SP*I*Saco 50 kg*EUR/kg;Alfarroba; Algarve;Algarve;1;03-01-2022;16.0;20.0;17.0
Alfarroba*Inteira*SP*II*Saco 50 kg*EUR/kg;Alfarroba; Algarve;Algarve;1;03-01-2022;2.0;2.66;2.2
Alfarroba*Triturado Grosso*SP*II*Saco 50 kg*EUR/kg;Alfarroba; Algarve;Algarve;1;03-01-2022;0.11;0.14;0.13
Alfarroba*Inteira*SP*II*Saco 50 kg*EUR/kg;Alfarroba; Algarve;Algarve;2;10-01-2022;2.33;3.0;2.53
Alfarroba*Triturado Grosso*SP*II*Saco 50 kg*EUR/kg;Alfarroba; Algarve;Algarve;2;10-01-2022;0.16;0.19;0.18
Alfarroba*Graínha*SP*I*Saco 50 kg*EUR/kg;Alfarroba; Algarve;Algarve;44;28-10-2024;3.0;3.8;3.5
Alfarroba*Graínha*SP*I*Saco 50 kg*EUR/kg;Alfarroba; Algarve;Algarve;43;21-10-2024;3.0;3.75;3.5
Alfarroba*Inteira*SP*II*Saco 50 kg*EUR/kg;Alfarroba; Algarve;Algarve;43;21-10-2024;0.52;0.55;0.53
Alfarroba*Triturado Grosso*SP*II*Saco 50 kg*EUR/kg;Alfarroba; Algarve;Algarve;43;21-10-2024;0.24;0.28;0.26
Alfarroba*Graínha*SP*I*Saco 50 kg*EUR/kg;Alfarroba; Algarve;Algarve;3;17-01-2022;26.0;30.0;27.0
Alfarroba*Inteira*SP*II*Saco 50 kg*EUR/kg;Alfarroba; Algarve;Algarve;3;17-01-2022;2.47;3.13;2.67
Alfarroba*Triturado Grosso*SP*II*Saco 50 kg*EUR/kg;Alfarroba; Algarve;Algarve;3;17-01-2022;0.21;0.24;0.23
Alfarroba*Graínha*SP*I*Saco 50 kg*EUR/kg;Alfarroba; Algarve;Algarve;4;24-01-2022;26.0;30.0;27.0
Alfarroba*Inteira*SP*II*Saco 50 kg*EUR/kg;Alfarroba; Algarve;Algarve;4;24-01-2022;2.47;3.13;2.67
Alfarroba*Triturado Grosso*SP*II*Saco 50 kg*EUR/kg;Alfarroba; Algarve;Algarve;4;24-01-2022;0.21;0.24;0.23
Alfarroba*Inteira*SP*II*Saco 50 kg*EUR/kg;Alfarroba; Algarve;Algarve;44;28-10-2024;0.52;0.55;0.53
Alfarroba*Triturado Grosso*SP*II*Saco 50 kg*EUR/kg;Alfarroba; Algarve;Algarve;44;28-10-2024;0.26;0.3;0.28
Alfarroba*Graínha*SP*I*Saco 50 kg*EUR/kg;Alfarroba; Algarve;Algarve;52;23-12-2024;3.1;3.8;3.6
Alfarroba*Inteira*SP*II*Saco 50 kg*EUR/kg;Alfarroba; Algarve;Algarve;52;23-12-2024;0.53;0.56;0.54
Alfarroba*Triturado Grosso*SP*II*Saco 50 kg*EUR/kg;Alfarroba; Algarve;Algarve;52;23-12-2024;0.26;0.3;0.28
Alfarroba*Graínha*SP*I*Saco 50 kg*EUR/kg;Alfarroba; Algarve;Algarve;5;31-01-2022;26.0;30.0;27.0
Alfarroba*Inteira*SP*II*Saco 50 kg*EUR/kg;Alfarroba; Algarve;Algarve;5;31-01-2022;2.47;3.13;2.67
Alfarroba*Triturado Grosso*SP*II*Saco 50 kg*EUR/kg;Alfarroba; Algarve;Algarve;5;31-01-2022;0.21;0.24;0.23
Alfarroba*Graínha*SP*I*Saco 50 kg*EUR/kg;Alfarroba; Algarve;Algarve;6;07-02-2022;26.0;30.0;27.0
Alfarroba*Inteira*SP*II*Saco 50 kg*EUR/kg;Alfarroba; Algarve;Algarve;6;07-02-2022;2.47;3.13;2.67
Alfarroba*Triturado Grosso*SP*II*Saco 50 kg*EUR/kg;Alfarroba; Algarve;Algarve;6;07-02-2022;0.21;0.24;0.23
Alfarroba*Graínha*SP*I*Saco 50 kg*EUR/kg;Alfarroba; Algarve;Algarve;45;04-11-2024;3.0;3.8;3.5
Alfarroba*Inteira*SP*II*Saco 50 kg*EUR/kg;Alfarroba; Algarve;Algarve;45;04-11-2024;0.52;0.55;0.53
Alfarroba*Triturado Grosso*SP*II*Saco 50 kg*EUR/kg;Alfarroba; Algarve;Algarve;45;04-11-2024;0.26;0.3;0.28
Alfarroba*Graínha*SP*I*Saco 50 kg*EUR/kg;Alfarroba; Algarve;Algarve;8;21-02-2022;26.0;30.0;27.0
Alfarroba*Graínha*SP*I*Saco 50 kg*EUR/kg;Alfarroba; Algarve;Algarve;7;14-02-2022;26.0;30.0;27.0
Alfarroba*Inteira*SP*II*Saco 50 kg*EUR/kg;Alfarroba; Algarve;Algarve;7;14-02-2022;2.47;3.13;2.67
Alfarroba*Triturado Grosso*SP*II*Saco 50 kg*EUR/kg;Alfarroba; Algarve;Algarve;7;14-02-2022;0.21;0.24;0.23
Alfarroba*Inteira*SP*II*Saco 50 kg*EUR/kg;Alfarroba; Algarve;Algarve;8;21-02-2022;2.47;3.13;2.67
Alfarroba*Triturado Grosso*SP*II*Saco 50 kg*EUR/kg;Alfarroba; Algarve;Algarve;8;21-02-2022;0.21;0.24;0.23
Alfarroba*Graínha*SP*I*Saco 50 kg*EUR/kg;Alfarroba; Algarve;Algarve;46;11-11-2024;3.0;3.8;3.5
Alfarroba*Inteira*SP*II*Saco 50 kg*EUR/kg;Alfarroba; Algarve;Algarve;46;11-11-2024;0.52;0.55;0.53
Alfarroba*Triturado Grosso*SP*II*Saco 50 kg*EUR/kg;Alfarroba; Algarve;Algarve;46;11-11-2024;0.26;0.3;0.28
Alfarroba*Graínha*SP*I*Saco 50 kg*EUR/kg;Alfarroba; Algarve;Algarve;9;28-02-2022;26.0;30.0;27.0
Alfarroba*Inteira*SP*II*Saco 50 kg*EUR/kg;Alfarroba; Algarve;Algarve;9;28-02-2022;2.47;3.13;2.67
Alfarroba*Triturado Grosso*SP*II*Saco 50 kg*EUR/kg;Alfarroba; Algarve;Algarve;9;28-02-2022;0.21;0.24;0.23
Alfarroba*Graínha*SP*I*Saco 50 kg*EUR/kg;Alfarroba; Algarve;Algarve;11;14-03-2022;26.0;29.5;27.0
Alfarroba*Graínha*SP*I*Saco 50 kg*EUR/kg;Alfarroba; Algarve;Algarve;10;07-03-2022;26.0;29.5;27.0
Alfarroba*Inteira*SP*II*Saco 50 kg*EUR/kg;Alfarroba; Algarve;Algarve;10;07-03-2022;2.47;3.2;2.67
Alfarroba*Triturado Grosso*SP*II*Saco 50 kg*EUR/kg;Alfarroba; Algarve;Algarve;10;07-03-2022;0.21;0.24;0.23
Alfarroba*Inteira*SP*II*Saco 50 kg*EUR/kg;Alfarroba; Algarve;Algarve;11;14-03-2022;2.47;3.2;2.67
Alfarroba*Triturado Grosso*SP*II*Saco 50 kg*EUR/kg;Alfarroba; Algarve;Algarve;11;14-03-2022;0.21;0.24;0.23
Alfarroba*Graínha*SP*I*Saco 50 kg*EUR/kg;Alfarroba; Algarve;Algarve;39;26-09-2022;0.0;0.0;0.0
Alfarroba*Graínha*SP*I*Saco 50 kg*EUR/kg;Alfarroba; Algarve;Algarve;13;28-03-2022;26.0;30.0;27.0
Alfarroba*Inteira*SP*II*Saco 50 kg*EUR/kg;Alfarroba; Algarve;Algarve;13;28-03-2022;2.47;3.13;2.67
Alfarroba*Triturado Grosso*SP*II*Saco 50 kg*EUR/kg;Alfarroba; Algarve;Algarve;13;28-03-2022;0.21;0.24;0.23
Alfarroba*Graínha*SP*I*Saco 50 kg*EUR/kg;Alfarroba; Algarve;Algarve;48;25-11-2024;3.0;3.8;3.5
Alfarroba*Inteira*SP*II*Saco 50 kg*EUR/kg;Alfarroba; Algarve;Algarve;48;25-11-2024;0.52;0.55;0.53
Alfarroba*Triturado Grosso*SP*II*Saco 50 kg*EUR/kg;Alfarroba; Algarve;Algarve;48;25-11-2024;0.26;0.3;0.28
Alfarroba*Graínha*SP*I*Saco 50 kg*EUR/kg;Alfarroba; Algarve;Algarve;15;11-04-2022;26.0;30.0;27.0
Alfarroba*Inteira*SP*II*Saco 50 kg*EUR/kg;Alfarroba; Algarve;Algarve;15;11-04-2022;2.47;3.13;2.67
Alfarroba*Triturado Grosso*SP*II*Saco 50 kg*EUR/kg;Alfarroba; Algarve;Algarve;15;11-04-2022;0.21;0.24;0.23
Alfarroba*Graínha*SP*I*Saco 50 kg*EUR/kg;Alfarroba; Algarve;Algarve;17;25-04-2022;26.0;30.0;27.0
Alfarroba*Inteira*SP*II*Saco 50 kg*EUR/kg;Alfarroba; Algarve;Algarve;17;25-04-2022;2.47;3.13;2.67
Alfarroba*Triturado Grosso*SP*II*Saco 50 kg*EUR/kg;Alfarroba; Algarve;Algarve;17;25-04-2022;0.21;0.24;0.23
Alfarroba*Graínha*SP*I*Saco 50 kg*EUR/kg;Alfarroba; Algarve;Algarve;18;02-05-2022;26.0;30.0;27.0
Alfarroba*Inteira*SP*II*Saco 50 kg*EUR/kg;Alfarroba; Algarve;Algarve;18;02-05-2022;2.47;3.13;2.67
Alfarroba*Triturado Grosso*SP*II*Saco 50 kg*EUR/kg;Alfarroba; Algarve;Algarve;18;02-05-2022;0.21;0.24;0.23
Alfarroba*Graínha*SP*I*Saco 50 kg*EUR/kg;Alfarroba; Algarve;Algarve;19;09-05-2022;26.0;30.0;27.0
Alfarroba*Inteira*SP*II*Saco 50 kg*EUR/kg;Alfarroba; Algarve;Algarve;19;09-05-2022;2.47;3.13;2.67
Alfarroba*Triturado Grosso*SP*II*Saco 50 kg*EUR/kg;Alfarroba; Algarve;Algarve;19;09-05-2022;0.21;0.24;0.23
Alfarroba*Graínha*SP*I*Saco 50 kg*EUR/kg;Alfarroba; Algarve;Algarve;20;16-05-2022;25.5;29.0;26.5
Alfarroba*Inteira*SP*II*Saco 50 kg*EUR/kg;Alfarroba; Algarve;Algarve;20;16-05-2022;2.47;3.07;2.67
Alfarroba*Triturado Grosso*SP*II*Saco 50 kg*EUR/kg;Alfarroba; Algarve;Algarve;20;16-05-2022;0.21;0.24;0.23
Alfarroba*Graínha*SP*I*Saco 50 kg*EUR/kg;Alfarroba; Algarve;Algarve;21;23-05-2022;25.5;29.0;26.5
Alfarroba*Inteira*SP*II*Saco 50 kg*EUR/kg;Alfarroba; Algarve;Algarve;21;23-05-2022;2.47;3.07;2.67
Alfarroba*Triturado Grosso*SP*II*Saco 50 kg*EUR/kg;Alfarroba; Algarve;Algarve;21;23-05-2022;0.21;0.24;0.23
Alfarroba*Triturado Grosso*SP*II*Saco 50 kg*EUR/kg;Alfarroba; Algarve;Algarve;51;16-12-2024;0.26;0.3;0.28
Alfarroba*Graínha*SP*I*Saco 50 kg*EUR/kg;Alfarroba; Algarve;Algarve;22;30-05-2022;25.5;29.0;26.5
Alfarroba*Inteira*SP*II*Saco 50 kg*EUR/kg;Alfarroba; Algarve;Algarve;22;30-05-2022;2.47;3.07;2.67
Alfarroba*Triturado Grosso*SP*II*Saco 50 kg*EUR/kg;Alfarroba; Algarve;Algarve;22;30-05-2022;0.21;0.24;0.23
Alfarroba*Graínha*SP*I*Saco 50 kg*EUR/kg;Alfarroba; Algarve;Algarve;2;06-01-2025;3.1;3.8;3.6
Alfarroba*Inteira*SP*II*Saco 50 kg*EUR/kg;Alfarroba; Algarve;Algarve;2;06-01-2025;0.53;0.56;0.54
Alfarroba*Triturado Grosso*SP*II*Saco 50 kg*EUR/kg;Alfarroba; Algarve;Algarve;2;06-01-2025;0.26;0.3;0.28
Alfarroba*Triturado Grosso*SP*II*Saco 50 kg*EUR/kg;Alfarroba; Algarve;Algarve;27;30-06-2025;0.25;0.27;0.26
Alfarroba*Graínha*SP*I*Saco 50 kg*EUR/kg;Alfarroba; Algarve;Algarve;30;25-07-2022;25.5;29.0;26.5
Alfarroba*Inteira*SP*II*Saco 50 kg*EUR/kg;Alfarroba; Algarve;Algarve;30;25-07-2022;2.47;3.07;2.67
Alfarroba*Triturado Grosso*SP*II*Saco 50 kg*EUR/kg;Alfarroba; Algarve;Algarve;30;25-07-2022;0.21;0.24;0.23
Alfarroba*Graínha*SP*I*Saco 50 kg*EUR/kg;Alfarroba; Algarve;Algarve;5;27-01-2025;3.0;3.7;3.5
Alfarroba*Inteira*SP*II*Saco 50 kg*EUR/kg;Alfarroba; Algarve;Algarve;5;27-01-2025;0.53;0.56;0.54
Alfarroba*Triturado Grosso*SP*II*Saco 50 kg*EUR/kg;Alfarroba; Algarve;Algarve;5;27-01-2025;0.24;0.28;0.25
Alfarroba*Graínha*SP*I*Saco 50 kg*EUR/kg;Alfarroba; Algarve;Algarve;34;22-08-2022;20.0;23.5;21.0
Alfarroba*Inteira*SP*II*Saco 50 kg*EUR/kg;Alfarroba; Algarve;Algarve;34;22-08-2022;2.0;2.67;2.33
Alfarroba*Triturado Grosso*SP*II*Saco 50 kg*EUR/kg;Alfarroba; Algarve;Algarve;34;22-08-2022;0.21;0.24;0.23
Alfarroba*Graínha*SP*I*Saco 50 kg*EUR/kg;Alfarroba; Algarve;Algarve;38;19-09-2022;20.0;23.5;21.0
Alfarroba*Inteira*SP*II*Saco 50 kg*EUR/kg;Alfarroba; Algarve;Algarve;38;19-09-2022;2.0;2.67;2.33
Alfarroba*Triturado Grosso*SP*II*Saco 50 kg*EUR/kg;Alfarroba; Algarve;Algarve;38;19-09-2022;0.21;0.24;0.23
Alfarroba*Graínha*SP*I*Saco 50 kg*EUR/kg;Alfarroba; Algarve;Algarve;47;18-11-2024;3.0;3.8;3.5
Alfarroba*Inteira*SP*II*Saco 50 kg*EUR/kg;Alfarroba; Algarve;Algarve;47;18-11-2024;0.52;0.55;0.53
Alfarroba*Triturado Grosso*SP*II*Saco 50 kg*EUR/kg;Alfarroba; Algarve;Algarve;47;18-11-2024;0.26;0.3;0.28
Alfarroba*Graínha*SP*I*Saco 50 kg*EUR/kg;Alfarroba; Algarve;Algarve;12;21-03-2022;26.0;29.5;27.0
Alfarroba*Inteira*SP*II*Saco 50 kg*EUR/kg;Alfarroba; Algarve;Algarve;12;21-03-2022;2.47;3.2;2.67
Alfarroba*Triturado Grosso*SP*II*Saco 50 kg*EUR/kg;Alfarroba; Algarve;Algarve;12;21-03-2022;0.21;0.24;0.23
Alfarroba*Graínha*SP*I*Saco 50 kg*EUR/kg;Alfarroba; Algarve;Algarve;14;04-04-2022;26.0;30.0;27.0
Alfarroba*Inteira*SP*II*Saco 50 kg*EUR/kg;Alfarroba; Algarve;Algarve;14;04-04-2022;2.47;3.13;2.67
Alfarroba*Triturado Grosso*SP*II*Saco 50 kg*EUR/kg;Alfarroba; Algarve;Algarve;14;04-04-2022;0.21;0.24;0.23
Alfarroba*Graínha*SP*I*Saco 50 kg*EUR/kg;Alfarroba; Algarve;Algarve;16;18-04-2022;26.0;30.0;27.0
Alfarroba*Inteira*SP*II*Saco 50 kg*EUR/kg;Alfarroba; Algarve;Algarve;16;18-04-2022;2.47;3.13;2.67
Alfarroba*Triturado Grosso*SP*II*Saco 50 kg*EUR/kg;Alfarroba; Algarve;Algarve;16;18-04-2022;0.21;0.24;0.23
Alfarroba*Graínha*SP*I*Saco 50 kg*EUR/kg;Alfarroba; Algarve;Algarve;49;02-12-2024;3.1;3.8;3.6
Alfarroba*Inteira*SP*II*Saco 50 kg*EUR/kg;Alfarroba; Algarve;Algarve;49;02-12-2024;0.53;0.56;0.54
Alfarroba*Triturado Grosso*SP*II*Saco 50 kg*EUR/kg;Alfarroba; Algarve;Algarve;49;02-12-2024;0.26;0.3;0.28
Alfarroba*Graínha*SP*I*Saco 50 kg*EUR/kg;Alfarroba; Algarve;Algarve;50;09-12-2024;3.1;3.8;3.6
Alfarroba*Inteira*SP*II*Saco 50 kg*EUR/kg;Alfarroba; Algarve;Algarve;50;09-12-2024;0.53;0.56;0.54
Alfarroba*Triturado Grosso*SP*II*Saco 50 kg*EUR/kg;Alfarroba; Algarve;Algarve;50;09-12-2024;0.26;0.3;0.28
Alfarroba*Graínha*SP*I*Saco 50 kg*EUR/kg;Alfarroba; Algarve;Algarve;51;16-12-2024;3.1;3.8;3.6
Alfarroba*Inteira*SP*II*Saco 50 kg*EUR/kg;Alfarroba; Algarve;Algarve;51;16-12-2024;0.53;0.56;0.54
Alfarroba*Graínha*SP*I*Saco 50 kg*EUR/kg;Alfarroba; Algarve;Algarve;1;30-12-2024;3.1;3.8;3.6
Alfarroba*Inteira*SP*II*Saco 50 kg*EUR/kg;Alfarroba; Algarve;Algarve;1;30-12-2024;0.53;0.56;0.54
Alfarroba*Triturado Grosso*SP*II*Saco 50 kg*EUR/kg;Alfarroba; Algarve;Algarve;1;30-12-2024;0.26;0.3;0.28
Alfarroba*Graínha*SP*I*Saco 50 kg*EUR/kg;Alfarroba; Algarve;Algarve;23;06-06-2022;25.5;29.0;26.5
Alfarroba*Inteira*SP*II*Saco 50 kg*EUR/kg;Alfarroba; Algarve;Algarve;23;06-06-2022;2.47;3.07;2.67
Alfarroba*Triturado Grosso*SP*II*Saco 50 kg*EUR/kg;Alfarroba; Algarve;Algarve;23;06-06-2022;0.21;0.24;0.23
Alfarroba*Graínha*SP*I*Saco 50 kg*EUR/kg;Alfarroba; Algarve;Algarve;24;13-06-2022;25.5;29.0;26.5
Alfarroba*Inteira*SP*II*Saco 50 kg*EUR/kg;Alfarroba; Algarve;Algarve;24;13-06-2022;2.47;3.07;2.67
Alfarroba*Triturado Grosso*SP*II*Saco 50 kg*EUR/kg;Alfarroba; Algarve;Algarve;24;13-06-2022;0.21;0.24;0.23
Alfarroba*Graínha*SP*I*Saco 50 kg*EUR/kg;Alfarroba; Algarve;Algarve;31;28-07-2025;3.0;3.5;3.2
Alfarroba*Inteira*SP*II*Saco 50 kg*EUR/kg;Alfarroba; Algarve;Algarve;31;28-07-2025;0.5;0.56;0.54
Alfarroba*Triturado Grosso*SP*II*Saco 50 kg*EUR/kg;Alfarroba; Algarve;Algarve;31;28-07-2025;0.25;0.27;0.26
Alfarroba*Graínha*SP*I*Saco 50 kg*EUR/kg;Alfarroba; Algarve;Algarve;25;20-06-2022;25.5;29.0;26.5
Alfarroba*Inteira*SP*II*Saco 50 kg*EUR/kg;Alfarroba; Algarve;Algarve;25;20-06-2022;2.47;3.07;2.67
Alfarroba*Triturado Grosso*SP*II*Saco 50 kg*EUR/kg;Alfarroba; Algarve;Algarve;25;20-06-2022;0.21;0.24;0.23
Alfarroba*Graínha*SP*I*Saco 50 kg*EUR/kg;Alfarroba; Algarve;Algarve;26;27-06-2022;25.5;29.0;26.5
Alfarroba*Inteira*SP*II*Saco 50 kg*EUR/kg;Alfarroba; Algarve;Algarve;26;27-06-2022;2.47;3.07;2.67
Alfarroba*Triturado Grosso*SP*II*Saco 50 kg*EUR/kg;Alfarroba; Algarve;Algarve;26;27-06-2022;0.21;0.24;0.23
Alfarroba*Graínha*SP*I*Saco 50 kg*EUR/kg;Alfarroba; Algarve;Algarve;3;13-01-2025;3.1;3.8;3.6
Alfarroba*Inteira*SP*II*Saco 50 kg*EUR/kg;Alfarroba; Algarve;Algarve;3;13-01-2025;0.53;0.56;0.54
Alfarroba*Triturado Grosso*SP*II*Saco 50 kg*EUR/kg;Alfarroba; Algarve;Algarve;3;13-01-2025;0.26;0.3;0.28
Alfarroba*Graínha*SP*I*Saco 50 kg*EUR/kg;Alfarroba; Algarve;Algarve;27;04-07-2022;25.5;29.0;26.5
Alfarroba*Inteira*SP*II*Saco 50 kg*EUR/kg;Alfarroba; Algarve;Algarve;27;04-07-2022;2.47;3.07;2.67
Alfarroba*Triturado Grosso*SP*II*Saco 50 kg*EUR/kg;Alfarroba; Algarve;Algarve;27;04-07-2022;0.21;0.24;0.23
Alfarroba*Graínha*SP*I*Saco 50 kg*EUR/kg;Alfarroba; Algarve;Algarve;28;11-07-2022;25.5;29.0;26.5
Alfarroba*Inteira*SP*II*Saco 50 kg*EUR/kg;Alfarroba; Algarve;Algarve;28;11-07-2022;2.47;3.07;2.67
Alfarroba*Triturado Grosso*SP*II*Saco 50 kg*EUR/kg;Alfarroba; Algarve;Algarve;28;11-07-2022;0.21;0.24;0.23
Alfarroba*Graínha*SP*I*Saco 50 kg*EUR/kg;Alfarroba; Algarve;Algarve;4;20-01-2025;3.0;3.7;3.5
Alfarroba*Inteira*SP*II*Saco 50 kg*EUR/kg;Alfarroba; Algarve;Algarve;4;20-01-2025;0.53;0.56;0.54
Alfarroba*Triturado Grosso*SP*II*Saco 50 kg*EUR/kg;Alfarroba; Algarve;Algarve;4;20-01-2025;0.24;0.28;0.25
Alfarroba*Graínha*SP*I*Saco 50 kg*EUR/kg;Alfarroba; Algarve;Algarve;29;18-07-2022;25.5;29.0;26.5
Alfarroba*Inteira*SP*II*Saco 50 kg*EUR/kg;Alfarroba; Algarve;Algarve;29;18-07-2022;2.47;3.07;2.67
Alfarroba*Triturado Grosso*SP*II*Saco 50 kg*EUR/kg;Alfarroba; Algarve;Algarve;29;18-07-2022;0.21;0.24;0.23
Alfarroba*Graínha*SP*I*Saco 50 kg*EUR/kg;Alfarroba; Algarve;Algarve;27;30-06-2025;3.0;3.5;3.2
Alfarroba*Inteira*SP*II*Saco 50 kg*EUR/kg;Alfarroba; Algarve;Algarve;27;30-06-2025;0.53;0.56;0.54
Alfarroba*Graínha*SP*I*Saco 50 kg*EUR/kg;Alfarroba; Algarve;Algarve;31;01-08-2022;25.5;29.0;26.5
Alfarroba*Inteira*SP*II*Saco 50 kg*EUR/kg;Alfarroba; Algarve;Algarve;31;01-08-2022;2.33;3.0;2.67
Alfarroba*Triturado Grosso*SP*II*Saco 50 kg*EUR/kg;Alfarroba; Algarve;Algarve;31;01-08-2022;0.21;0.24;0.23
Alfarroba*Graínha*SP*I*Saco 50 kg*EUR/kg;Alfarroba; Algarve;Algarve;32;08-08-2022;25.5;29.0;26.5
Alfarroba*Inteira*SP*II*Saco 50 kg*EUR/kg;Alfarroba; Algarve;Algarve;32;08-08-2022;2.33;3.0;2.67
Alfarroba*Triturado Grosso*SP*II*Saco 50 kg*EUR/kg;Alfarroba; Algarve;Algarve;32;08-08-2022;0.21;0.24;0.23
Alfarroba*Graínha*SP*I*Saco 50 kg*EUR/kg;Alfarroba; Algarve;Algarve;33;15-08-2022;20.0;23.5;21.0
Alfarroba*Inteira*SP*II*Saco 50 kg*EUR/kg;Alfarroba; Algarve;Algarve;33;15-08-2022;2.0;2.67;2.33
Alfarroba*Triturado Grosso*SP*II*Saco 50 kg*EUR/kg;Alfarroba; Algarve;Algarve;33;15-08-2022;0.21;0.24;0.23
Alfarroba*Graínha*SP*I*Saco 50 kg*EUR/kg;Alfarroba; Algarve;Algarve;6;03-02-2025;3.0;3.7;3.5
Alfarroba*Inteira*SP*II*Saco 50 kg*EUR/kg;Alfarroba; Algarve;Algarve;6;03-02-2025;0.53;0.56;0.54
Alfarroba*Triturado Grosso*SP*II*Saco 50 kg*EUR/kg;Alfarroba; Algarve;Algarve;6;03-02-2025;0.24;0.28;0.25
Alfarroba*Graínha*SP*I*Saco 50 kg*EUR/kg;Alfarroba; Algarve;Algarve;35;29-08-2022;20.0;23.5;21.0
Alfarroba*Inteira*SP*II*Saco 50 kg*EUR/kg;Alfarroba; Algarve;Algarve;35;29-08-2022;2.0;2.67;2.33
Alfarroba*Triturado Grosso*SP*II*Saco 50 kg*EUR/kg;Alfarroba; Algarve;Algarve;35;29-08-2022;0.21;0.24;0.23
Alfarroba*Graínha*SP*I*Saco 50 kg*EUR/kg;Alfarroba; Algarve;Algarve;36;05-09-2022;20.0;23.5;21.0
Alfarroba*Inteira*SP*II*Saco 50 kg*EUR/kg;Alfarroba; Algarve;Algarve;36;05-09-2022;2.0;2.67;2.33
Alfarroba*Triturado Grosso*SP*II*Saco 50 kg*EUR/kg;Alfarroba; Algarve;Algarve;36;05-09-2022;0.21;0.24;0.23
Alfarroba*Graínha*SP*I*Saco 50 kg*EUR/kg;Alfarroba; Algarve;Algarve;7;10-02-2025;3.0;3.7;3.5
Alfarroba*Inteira*SP*II*Saco 50 kg*EUR/kg;Alfarroba; Algarve;Algarve;7;10-02-2025;0.53;0.56;0.54
Alfarroba*Triturado Grosso*SP*II*Saco 50 kg*EUR/kg;Alfarroba; Algarve;Algarve;7;10-02-2025;0.24;0.28;0.25
Alfarroba*Graínha*SP*I*Saco 50 kg*EUR/kg;Alfarroba; Algarve;Algarve;37;12-09-2022;20.0;23.5;21.0
Alfarroba*Inteira*SP*II*Saco 50 kg*EUR/kg;Alfarroba; Algarve;Algarve;37;12-09-2022;2.0;2.67;2.33
Alfarroba*Triturado Grosso*SP*II*Saco 50 kg*EUR/kg;Alfarroba; Algarve;Algarve;37;12-09-2022;0.21;0.24;0.23
Alfarroba*Graínha*SP*I*Saco 50 kg*EUR/kg;Alfarroba; Algarve;Algarve;8;17-02-2025;3.0;3.7;3.6
Alfarroba*Inteira*SP*II*Saco 50 kg*EUR/kg;Alfarroba; Algarve;Algarve;8;17-02-2025;0.53;0.56;0.54
Alfarroba*Triturado Grosso*SP*II*Saco 50 kg*EUR/kg;Alfarroba; Algarve;Algarve;8;17-02-2025;0.25;0.28;0.26
Alfarroba*Inteira*SP*II*Saco 50 kg*EUR/kg;Alfarroba; Algarve;Algarve;39;26-09-2022;2.0;2.67;2.33
Alfarroba*Triturado Grosso*SP*II*Saco 50 kg*EUR/kg;Alfarroba; Algarve;Algarve;39;26-09-2022;0.21;0.25;0.24
Alfarroba*Graínha*SP*I*Saco 50 kg*EUR/kg;Alfarroba; Algarve;Algarve;40;03-10-2022;0.0;0.0;0.0
Alfarroba*Inteira*SP*II*Saco 50 kg*EUR/kg;Alfarroba; Algarve;Algarve;40;03-10-2022;2.0;2.67;2.33
Alfarroba*Triturado Grosso*SP*II*Saco 50 kg*EUR/kg;Alfarroba; Algarve;Algarve;40;03-10-2022;0.21;0.25;0.24
Alfarroba*Graínha*SP*I*Saco 50 kg*EUR/kg;Alfarroba; Algarve;Algarve;9;24-02-2025;3.0;3.7;3.6
Alfarroba*Inteira*SP*II*Saco 50 kg*EUR/kg;Alfarroba; Algarve;Algarve;9;24-02-2025;0.53;0.56;0.54
Alfarroba*Triturado Grosso*SP*II*Saco 50 kg*EUR/kg;Alfarroba; Algarve;Algarve;9;24-02-2025;0.25;0.28;0.26
Alfarroba*Graínha*SP*I*Saco 50 kg*EUR/kg;Alfarroba; Algarve;Algarve;41;10-10-2022;17.0;17.0;17.0
Alfarroba*Inteira*SP*II*Saco 50 kg*EUR/kg;Alfarroba; Algarve;Algarve;41;10-10-2022;2.0;2.67;2.33
Alfarroba*Triturado Grosso*SP*II*Saco 50 kg*EUR/kg;Alfarroba; Algarve;Algarve;41;10-10-2022;0.21;0.25;0.24
Alfarroba*Graínha*SP*I*Saco 50 kg*EUR/kg;Alfarroba; Algarve;Algarve;43;24-10-2022;16.0;17.0;16.0
Alfarroba*Graínha*SP*I*Saco 50 kg*EUR/kg;Alfarroba; Algarve;Algarve;42;17-10-2022;16.0;17.0;16.0
Alfarroba*Inteira*SP*II*Saco 50 kg*EUR/kg;Alfarroba; Algarve;Algarve;42;17-10-2022;2.0;2.67;2.33
Alfarroba*Triturado Grosso*SP*II*Saco 50 kg*EUR/kg;Alfarroba; Algarve;Algarve;42;17-10-2022;0.21;0.25;0.24
Alfarroba*Inteira*SP*II*Saco 50 kg*EUR/kg;Alfarroba; Algarve;Algarve;43;24-10-2022;2.0;2.67;2.33
Alfarroba*Triturado Grosso*SP*II*Saco 50 kg*EUR/kg;Alfarroba; Algarve;Algarve;43;24-10-2022;0.21;0.25;0.24
Alfarroba*Graínha*SP*I*Saco 50 kg*EUR/kg;Alfarroba; Algarve;Algarve;44;31-10-2022;16.0;17.0;16.0
Alfarroba*Graínha*SP*I*Saco 50 kg*EUR/kg;Alfarroba; Algarve;Algarve;10;03-03-2025;3.0;3.7;3.6
Alfarroba*Inteira*SP*II*Saco 50 kg*EUR/kg;Alfarroba; Algarve;Algarve;10;03-03-2025;0.53;0.56;0.54
Alfarroba*Triturado Grosso*SP*II*Saco 50 kg*EUR/kg;Alfarroba; Algarve;Algarve;10;03-03-2025;0.25;0.28;0.26
Alfarroba*Inteira*SP*II*Saco 50 kg*EUR/kg;Alfarroba; Algarve;Algarve;44;31-10-2022;2.0;2.67;2.33
Alfarroba*Triturado Grosso*SP*II*Saco 50 kg*EUR/kg;Alfarroba; Algarve;Algarve;44;31-10-2022;0.21;0.25;0.24
